N,P,K,temperature,humidity,ph,rainfall,label
76,48,41,25.69849494,83.94447984,6.45282456,269.81723621,rice
72,58,47,22.42918044,81.11966612,6.82584735,246.96332193,rice
94,47,41,21.43879696,83.62648197,6.99460334,252.29462805,rice
81,50,53,19.85711045,81.20082196,6.02370188,216.83366455,rice
87,54,54,22.62818732,80.84412052,7.08638071,230.26087025,rice
82,53,46,24.64193809,80.34518515,6.10955692,224.54786318,rice
79,45,47,19.28166392,78.38221882,5.34184031,206.08259517,rice
78,40,45,25.60077034,77.68169894,6.74753891,243.13206807,rice
77,40,49,24.04999171,85.39796894,7.068089,246.70613177,rice
77,36,40,24.28378462,84.09531642,7.99738471,323.41587398,rice
78,57,49,23.10341291,79.41086562,5.06025364,221.41076273,rice
71,65,41,25.59622301,79.74268205,7.14525841,247.54852898,rice
82,61,49,23.20340418,82.71456535,7.44480139,242.58147504,rice
100,62,47,22.5420317,85.65361073,5.51436345,209.15818943,rice
88,32,48,21.39192432,78.95296735,5.69747811,225.97629678,rice
96,47,42,22.94035296,82.60624198,6.54125869,203.46835783,rice
73,51,58,21.67729041,80.3646339,4.68216878,231.12002238,rice
65,39,63,30.76266792,79.07108343,6.10540083,246.24666653,rice
64,46,46,24.08042472,80.61168195,6.77723082,266.38147453,rice
105,61,51,21.59235698,79.21897132,7.35291436,243.88247675,rice
81,46,47,22.87005655,82.38140628,7.57719358,159.00024677,rice
62,55,45,23.34668914,79.36775372,6.13243506,275.00133784,rice
76,49,42,25.97395984,79.05424094,7.02588027,230.28046827,rice
74,60,53,21.75267393,79.46570658,6.42622567,199.50319552,rice
85,61,31,22.02224144,83.47726581,5.13472448,280.27847144,rice
83,41,47,23.11869367,82.95848466,7.1998594,204.24391754,rice
96,55,55,24.88529125,87.81913275,6.23587065,175.89433124,rice
70,52,52,24.19068545,78.46808529,4.55191725,237.63060756,rice
72,47,50,25.55132119,81.01564707,6.8169338,228.02483624,rice
89,46,50,26.22304374,85.31921533,6.34468965,276.60757669,rice
101,37,51,20.89864015,83.18674272,6.29513068,181.07282522,rice
84,51,59,22.64303462,78.30785546,7.25377793,226.05535484,rice
82,57,41,24.33267593,81.93534288,6.65112657,210.99893582,rice
68,51,45,22.7890904,82.46331412,6.89533689,225.82224548,rice
87,48,47,21.55129401,83.0757534,5.71877025,255.96755709,rice
76,32,36,26.90965557,84.23796245,5.82441581,190.92489632,rice
76,49,47,25.4770153,82.86161307,6.93466081,215.34883153,rice
75,60,49,24.14557206,85.91179505,6.11058362,207.76633712,rice
71,35,41,24.11916475,81.55193344,6.19729794,231.22445386,rice
104,47,46,21.61618105,79.41934332,5.40442257,209.3360806,rice
72,52,50,19.87968185,81.83004936,6.60962865,209.00915641,rice
66,46,39,25.28599121,86.99324133,5.45870822,210.87609788,rice
75,44,55,24.1041493,77.56259485,6.81232832,218.67383338,rice
86,40,50,19.94066391,83.11580537,5.75472088,197.52096049,rice
73,52,44,22.47090419,85.4066066,5.56753116,163.61659007,rice
67,53,52,19.76398595,83.74799183,8.04214799,241.15880997,rice
78,61,39,24.96814792,82.79850066,5.7047622,241.32188344,rice
60,35,52,22.19320326,75.58813915,7.02787523,244.17109266,rice
78,55,53,26.62931252,80.6966927,6.05167402,221.62690487,rice
53,41,42,17.69910997,79.59090389,5.66787511,229.96686036,rice
87,46,53,23.46588302,83.75415912,5.57193751,235.63746048,rice
94,30,36,21.1927839,85.65294717,6.62606959,259.01951721,rice
82,54,54,19.45032001,76.38182861,7.20139632,271.6317528,rice
69,48,46,20.96233024,87.12188913,7.82813472,270.08146051,rice
88,51,34,23.70905269,80.6095201,5.37612723,286.45449858,rice
85,48,38,23.37200722,81.80067609,7.83804893,262.82639986,rice
65,52,51,19.03323122,81.69328841,7.19656111,267.77671217,rice
93,47,38,22.70223351,82.54307799,6.2383334,218.66317676,rice
66,44,60,20.59480122,76.70836388,4.91052388,236.8732984,rice
75,42,41,22.68434499,85.56871321,7.86990934,225.92182325,rice
90,42,56,22.59541866,80.77562454,7.12688109,236.93256763,rice
63,48,49,21.76623459,84.07757964,5.32625987,223.79168754,rice
56,48,46,23.24144972,81.93004386,6.58044787,264.4294883,rice
60,41,44,22.47902843,82.09645281,6.15060294,267.48018832,rice
99,43,64,22.93642138,78.80745889,6.45593566,203.71264399,rice
86,59,33,22.70523363,79.83248686,6.49538069,218.85652342,rice
85,57,61,24.2740502,83.47386722,5.47930839,233.36369773,rice
76,51,25,24.45721434,72.87896794,5.02122927,249.55305803,rice
85,61,49,20.99414005,81.72568137,6.37151141,195.05775043,rice
87,40,40,26.26169804,80.96915782,5.26652633,249.31438128,rice
84,46,44,25.67638902,85.69818628,7.83549604,275.44423615,rice
71,45,53,23.50748323,82.85052494,6.93606339,224.75475611,rice
68,48,46,22.65792008,83.54925491,6.67190029,245.48143612,rice
93,58,50,22.24909731,83.21290278,5.97766589,235.95822046,rice
81,42,41,22.15584356,83.35648616,5.63549987,249.12536746,rice
85,49,52,23.11578724,85.63512545,6.03482308,269.96703717,rice
67,46,35,21.21780503,82.56696512,7.45521056,320.27632584,rice
75,37,36,25.13311221,81.30824977,5.92312888,236.2551688,rice
95,57,53,24.99586762,83.29915143,5.52212986,257.02169471,rice
77,49,49,26.3342012,81.09682394,6.68162758,206.34118552,rice
79,46,31,21.26448162,81.34231644,5.85131786,277.4512278,rice
52,32,44,23.5363197,83.72526106,6.77846976,224.47262261,rice
81,48,60,17.37281968,78.45578957,5.45034366,225.10218057,rice
76,39,33,23.20779953,79.50537004,6.33211957,187.99382453,rice
88,48,37,22.70950574,82.91340936,6.8903723,231.77036308,rice
69,60,40,20.19364717,80.78451467,6.73618137,232.9280988,rice
74,47,42,16.87072916,78.55497681,4.95150506,168.50648666,rice
86,54,43,24.89885093,83.4154694,5.9603579,202.31694703,rice
99,58,40,27.70896552,80.67255874,7.23589825,238.03959878,rice
84,42,43,25.43623676,81.90365435,7.79171843,221.53302564,rice
88,53,53,27.34241413,85.623362,6.10004425,247.19156955,rice
54,32,54,23.65117112,82.62611575,5.33888312,235.30298867,rice
90,35,43,20.60633842,79.58662201,6.4427853,173.46793535,rice
76,39,54,21.81221512,83.00988505,6.85236834,291.08677519,rice
61,50,56,24.23233456,78.02775609,6.30095256,258.26086709,rice
88,70,46,21.50529309,83.069491,6.75119282,220.19853824,rice
87,38,51,28.28238702,83.16544416,6.09903032,220.78684159,rice
85,39,59,26.6140874,84.39897631,5.18819618,260.87363213,rice
98,58,25,22.70640361,81.58837243,4.99832114,238.82549175,rice
86,33,63,25.00663112,81.54375039,6.86043721,193.70541713,rice
86,48,23,21.24345377,80.60812289,5.41603479,106.91405985,maize
75,52,28,23.04394265,58.61989464,6.61221353,101.8172612,maize
77,44,2,18.75804759,72.84588456,5.867687,93.40887516,maize
71,45,23,22.1843276,62.23329098,6.93359063,86.28685162,maize
84,58,20,18.64081999,55.47819144,5.4864318,61.48566831,maize
61,44,30,23.84993502,68.94319151,6.25729222,92.94915308,maize
78,42,14,21.43915578,57.27207955,6.36139873,70.74871759,maize
84,27,20,28.49254253,65.92642554,6.23395658,96.22192569,maize
55,35,4,21.79762339,63.68131111,5.98776865,104.18318559,maize
64,68,14,24.74766878,53.18856614,5.73486766,110.7455297,maize
68,54,22,17.79882525,59.92960236,5.90913933,82.51795609,maize
80,40,13,19.67933637,60.55630785,5.6182631,90.43089339,maize
63,48,26,15.85743789,67.42008606,6.794811,85.70461186,maize
73,34,12,21.9784869,59.89295964,6.3889855,94.78807628,maize
61,45,28,24.02423732,66.36684122,6.09115765,82.24298611,maize
57,51,15,24.23220773,65.32590231,6.58092739,105.63259865,maize
68,49,20,23.34920576,72.59160613,5.31738984,102.60728608,maize
79,47,27,21.96403449,60.14103007,5.94669865,107.09324153,maize
80,72,13,22.19201373,77.58801391,6.79569482,77.55681923,maize
83,46,10,25.46559559,67.55167527,5.83699245,83.7909933,maize
81,47,25,20.89556599,53.99230225,5.50902548,80.02183759,maize
72,49,6,23.21047835,78.32035224,5.97328085,91.89711785,maize
80,42,17,24.31887347,55.63132312,6.72365764,67.03470755,maize
78,47,20,21.85687467,54.90614885,5.94174463,101.71936081,maize
62,55,15,20.76901089,67.19673314,5.95412629,101.39283724,maize
105,38,20,18.97139905,59.55675851,5.88495874,72.14267689,maize
79,35,30,25.85850204,67.0784111,5.52659873,91.16000317,maize
93,59,10,23.40465692,72.10860652,5.37083222,87.88143227,maize
73,48,23,21.58671971,62.1324575,6.24617702,59.18626111,maize
78,50,17,24.49306102,71.5284719,6.44199115,84.08757312,maize
97,39,19,24.74181615,65.4018705,5.6413362,94.21924428,maize
78,57,11,18.56910975,50.73590045,6.21634761,71.22541274,maize
70,46,26,23.68013061,55.2212656,6.52780903,71.73084066,maize
81,57,17,20.65142178,56.63944163,5.66776363,60.57407033,maize
79,28,22,19.30932081,66.39744513,5.41939854,96.14287337,maize
83,44,14,20.83628278,72.49913177,6.50146847,86.04960908,maize
84,54,2,26.07091711,43.66657204,5.89197549,103.38022051,maize
64,42,14,25.0986756,70.12699467,5.34041943,81.94611822,maize
68,35,21,18.81625335,49.73743654,6.01016176,60.95715705,maize
70,50,14,25.22418853,56.5811239,6.05681693,79.2092254,maize
77,44,25,21.79249727,62.85311899,6.25234501,113.44880024,maize
71,48,18,20.14207018,62.97087069,6.29919058,76.49174397,maize
83,51,19,20.90753452,80.49906831,5.97402451,78.01183433,maize
86,35,31,24.47639211,64.92862719,6.9951094,90.38946676,maize
77,35,11,24.19546014,46.78678179,6.30270526,80.82875413,maize
90,38,22,25.26791917,69.62026244,7.15822244,76.54841024,maize
63,60,37,23.59935344,69.08175695,5.95357012,60.84680018,maize
76,58,20,24.09208181,63.62796992,6.02892355,66.89628752,maize
67,52,22,19.03897525,66.10913635,6.71120361,99.65609438,maize
88,49,25,25.11246831,59.36831359,5.29592798,111.15239284,maize
65,40,21,23.6713648,68.47440124,6.65561902,90.97867931,maize
79,40,20,22.41594665,66.35227106,7.30326265,80.14340832,maize
74,50,25,23.4572845,73.81380395,6.15251734,83.01747205,maize
80,47,24,19.95976772,57.470994,6.31214865,97.01438927,maize
86,54,27,30.93794774,53.03541727,5.83081171,78.75737374,maize
84,54,18,28.86343021,66.64101782,5.26875762,72.96436381,maize
67,38,20,23.01902142,52.00581903,6.10984649,88.21108124,maize
74,43,23,24.33253475,61.96059697,6.59519674,102.69378012,maize
60,49,15,22.75798044,59.44169521,5.65017083,91.51447541,maize
97,39,14,22.38270324,64.36865311,5.74874675,83.42540172,maize
69,47,27,19.39025408,64.40836083,6.53757233,52.2809899,maize
69,49,19,23.93283219,70.52556589,6.50422587,84.78587586,maize
41,35,31,20.86038662,51.11099744,6.81762369,88.20033387,maize
59,52,27,26.10810242,62.01376512,6.78247222,101.91613599,maize
73,52,17,28.30614355,65.09363069,6.84551453,91.92130619,maize
83,70,18,23.75839468,73.80445266,6.77012664,88.17574627,maize
59,51,20,21.02537752,65.59262897,7.58371795,100.51788321,maize
66,46,16,27.00608776,70.24619911,6.52577031,97.3240197,maize
97,64,14,21.4432049,68.36234007,7.46595234,110.20148806,maize
97,44,5,24.01333394,60.10684703,6.22131551,86.69942949,maize
86,59,20,16.6174632,69.94178823,5.37005606,92.63198915,maize
90,51,16,19.90218035,53.46752591,6.34536659,82.68118679,maize
94,41,16,24.34870619,48.71030142,5.26940316,83.78899899,maize
100,33,26,19.4450534,65.71730657,6.07869048,73.62982599,maize
87,56,36,21.37168743,61.79342739,6.58448294,100.28656253,maize
71,30,9,18.7217608,55.80782597,6.12269462,70.1667977,maize
73,51,24,19.77714748,65.25536529,5.18419022,91.17570676,maize
77,49,25,26.63320871,64.98424829,6.60765804,77.47349581,maize
93,54,21,25.52600507,68.39117407,6.80886259,101.79135515,maize
88,49,16,22.53294868,75.05195812,6.47762004,62.3279026,maize
74,59,17,25.94476927,68.795367,6.32234096,90.18272208,maize
83,45,25,22.36332562,61.59020507,6.04405434,118.30959548,maize
73,27,25,26.80501853,75.4308704,6.37947822,88.69087208,maize
84,71,24,26.92023924,66.28040311,6.16339084,93.71907085,maize
82,53,26,22.74815461,74.87113397,6.35470642,97.36276409,maize
81,29,26,20.86865159,74.8792189,6.15608216,91.07060029,maize
88,42,18,16.92956879,60.2471448,6.19621635,101.95566786,maize
76,62,29,20.04962046,64.70296333,6.24507841,73.20639834,maize
71,54,19,19.59180427,58.30214301,6.92352935,85.65367781,maize
68,48,16,23.30448834,58.34624655,6.11002996,94.7472299,maize
75,48,16,24.5731877,75.05184687,5.9678098,95.27797347,maize
75,58,16,18.04338252,65.98818313,5.32176164,84.40343481,maize
89,53,21,23.67968933,58.96612351,6.62860518,71.31933618,maize
77,47,24,22.27569324,57.018552,6.12929866,89.01333226,maize
80,42,18,19.78557749,63.81314499,7.12062781,69.03354458,maize
75,73,28,19.94118655,69.53301872,5.78423861,61.35448542,maize
73,32,21,25.73702892,56.61688198,6.51937969,92.97312543,maize
70,30,31,24.97714092,70.38927187,6.68386269,96.65062542,maize
66,63,16,24.0032563,72.46184341,6.39238427,89.41704988,maize
72,59,24,24.18098753,63.19735161,6.48668124,78.34658313,maize
11,70,76,16.91417252,16.08892895,7.13692375,73.59444872,chickpea
44,73,77,18.52293312,16.70933339,7.4763226,103.09395244,chickpea
38,72,81,21.49084871,17.18849886,7.17481889,93.1527708,chickpea
55,67,84,21.92117348,17.60849729,7.07671623,98.90451979,chickpea
86,59,76,19.77534679,20.8232837,7.20968845,86.86690904,chickpea
32,61,81,19.26395048,19.23449686,7.31285756,93.68975347,chickpea
46,67,78,16.84438795,13.97400318,7.3468262,80.94341203,chickpea
41,77,80,15.50220718,18.35969251,7.12725154,102.65508766,chickpea
54,62,81,15.31761893,15.38886059,7.098563,90.78266336,chickpea
56,62,72,14.08259525,20.55406745,7.13981176,70.99130458,chickpea
46,74,84,15.57581,18.88715473,7.15581469,49.80685765,chickpea
40,70,78,18.57081686,13.00012666,7.41148593,71.82062537,chickpea
45,62,80,16.97475283,22.74916017,7.18654038,98.54278582,chickpea
61,73,85,18.35239446,22.97555678,7.12719057,70.80245799,chickpea
17,66,79,13.56579331,19.65081801,7.15944052,88.87557446,chickpea
56,71,74,15.4365205,20.75308966,7.26028924,70.85364883,chickpea
49,58,81,21.22895905,18.21704637,7.22086676,78.84939677,chickpea
34,72,82,20.72245795,20.55889868,7.34937881,68.78913123,chickpea
35,77,81,24.67952269,17.42627047,7.15649013,80.04959459,chickpea
52,78,77,18.47766533,12.68661434,7.01117903,92.57635493,chickpea
26,69,83,21.59540075,15.3373457,7.34060655,70.59029248,chickpea
32,74,83,18.32321102,17.1116457,7.31375295,81.58158112,chickpea
51,63,80,16.4396732,13.87814347,7.25003235,82.22615968,chickpea
46,73,78,18.62958025,15.44099373,7.121024,66.50084774,chickpea
44,65,81,20.58903732,16.71520902,7.46650798,82.86979142,chickpea
36,56,78,18.3710804,18.36666758,7.28321948,88.11937462,chickpea
50,76,80,20.44201925,12.59677649,7.32946313,82.12543796,chickpea
19,60,78,17.60673735,13.59487292,6.98669224,70.13797644,chickpea
34,63,83,17.7344948,19.76123756,7.26434481,75.88586417,chickpea
25,76,81,15.20768732,20.02065706,7.53511396,92.02200763,chickpea
39,73,76,17.37780595,20.77467671,7.03870674,90.43713425,chickpea
27,70,81,19.7128064,17.84239169,7.0734285,63.80159105,chickpea
45,63,85,16.30858794,16.15642561,7.21611731,66.89381207,chickpea
28,77,79,18.05630628,16.05701781,6.91247762,66.41616272,chickpea
60,62,83,15.10280689,19.68314458,7.13907995,67.65794911,chickpea
39,64,80,19.87563436,22.15449788,7.34091306,91.7118794,chickpea
50,67,80,21.21863655,19.15787685,7.17574185,71.96005884,chickpea
44,73,80,16.81537078,16.34683902,7.20284868,79.583849,chickpea
16,65,82,22.7188826,18.9553206,6.97976044,77.21159313,chickpea
28,65,72,16.94634508,15.68896277,7.04706232,81.9873458,chickpea
36,70,80,17.86208956,13.15931921,6.97841881,72.99335673,chickpea
45,83,78,18.31630335,18.06530987,7.19648656,73.99258225,chickpea
49,61,79,13.85439334,15.76415012,7.25984729,89.89925468,chickpea
39,50,74,18.82352384,16.10484333,7.03412472,80.78639097,chickpea
25,91,81,19.45207313,18.31273993,7.48157047,89.51008894,chickpea
42,66,86,23.45565075,17.11628293,7.20959666,75.5186844,chickpea
51,84,82,22.15449792,14.88474466,7.23544864,68.68208091,chickpea
71,79,74,22.05268985,19.34100104,6.96820501,76.3615806,chickpea
40,64,83,20.93687954,20.27509923,7.33115136,92.97649753,chickpea
44,80,80,21.00869073,19.69828914,7.16528298,87.13628254,chickpea
47,72,77,19.77676987,13.51541212,7.10615638,92.90867561,chickpea
41,66,75,16.19886061,20.92051612,7.2577085,64.11694038,chickpea
20,76,79,20.65773113,14.96457505,7.2265574,84.22403545,chickpea
49,62,76,21.0845236,12.73975094,7.33902839,76.96733225,chickpea
37,79,85,20.29337114,14.02414128,7.27359104,90.21033085,chickpea
43,72,76,20.11254172,22.13636274,7.21176752,79.26001617,chickpea
60,82,81,17.55851319,23.23184717,7.13586683,73.14636903,chickpea
52,55,84,20.46629188,16.90272491,7.2967669,70.81405639,chickpea
36,71,78,16.29143711,19.63018722,7.19041941,104.26530741,chickpea
38,67,76,17.84102462,20.34094864,7.23560072,63.84726407,chickpea
34,79,80,22.07382994,17.64173625,7.3279849,88.62911655,chickpea
46,65,81,18.07789354,13.04511871,7.20143284,66.793216,chickpea
70,60,82,16.78265595,17.19918185,7.10501187,86.73849386,chickpea
60,74,80,13.65311843,13.69428401,7.39241893,70.52292704,chickpea
28,72,79,18.05357008,18.49236474,7.17869406,76.66095478,chickpea
47,72,81,18.61550819,18.74102973,7.34026631,90.93473606,chickpea
51,91,79,18.67748679,15.88448684,7.12679701,98.53339374,chickpea
34,55,83,16.6826876,20.24836733,7.15769564,72.41821173,chickpea
13,64,82,19.25762071,18.47580143,7.19024315,94.03695417,chickpea
48,77,77,16.23392235,18.14975067,7.18932495,57.37086067,chickpea
41,82,79,17.30778994,20.8718139,7.14378163,88.66642051,chickpea
29,66,81,20.95729052,10.43713329,7.07523582,81.90915491,chickpea
29,67,81,22.40087732,16.24922935,7.343821,94.78375284,chickpea
23,60,86,18.05543569,15.06307001,7.41466487,83.38170258,chickpea
68,69,73,18.26503642,23.84876033,7.32995494,70.26933267,chickpea
40,65,81,15.46332918,18.78528437,7.02243614,99.71281162,chickpea
25,64,76,15.30322508,18.0043723,7.0315233,83.83464808,chickpea
41,60,79,17.84473944,15.18535445,7.01767457,63.03779212,chickpea
45,73,82,14.69421442,16.4223508,6.95726591,109.35581431,chickpea
20,50,79,17.70908644,15.37175968,7.23320629,84.74207771,chickpea
19,57,78,15.85933648,18.88812944,7.25269645,93.19020793,chickpea
35,61,82,21.59262635,16.8735315,7.39618734,56.35981962,chickpea
10,62,83,16.92763661,14.92781209,7.39642885,96.08305281,chickpea
24,55,81,19.08648895,21.2519819,7.09974924,83.55320708,chickpea
19,62,78,15.69007059,18.09980992,7.37949418,69.10325081,chickpea
36,63,76,19.13301128,19.23804601,7.24099819,106.86598,chickpea
44,73,85,18.92738838,16.71739907,7.42630794,91.61060499,chickpea
26,63,82,18.07767711,17.49098651,7.01635449,74.46029356,chickpea
37,69,80,18.42161325,13.39138301,7.05560543,78.20797716,chickpea
32,73,81,20.66454251,18.78365116,7.28831034,78.8189911,chickpea
39,67,73,17.95101503,16.60670542,7.17595606,96.99097129,chickpea
53,69,79,21.06547417,16.95060535,7.07725949,59.40501587,chickpea
14,72,82,19.59069863,16.45084582,7.2847411,82.05126045,chickpea
40,72,82,16.89304108,18.36780576,7.07870543,72.69491692,chickpea
45,74,80,21.02515924,16.23922458,7.16792166,68.27304523,chickpea
43,60,81,18.13471492,25.63511601,7.24276858,75.43250184,chickpea
62,71,77,16.78689298,15.60074932,7.25417968,96.0583536,chickpea
45,59,77,18.26469734,18.25912572,7.35922782,87.28464122,chickpea
28,78,80,14.95747772,22.88955295,7.19565874,84.61200751,chickpea
25,78,77,19.208217,12.90152524,6.89387117,83.81949443,chickpea
27,76,19,20.08544429,22.75153702,5.9661629,101.00770674,kidneybeans
25,91,16,18.27663687,23.04699457,5.91917022,163.50416953,kidneybeans
25,69,21,19.80316052,23.60196284,5.80934046,79.54425074,kidneybeans
31,66,19,21.20596559,17.40872449,5.56283967,134.43218396,kidneybeans
27,63,19,18.00165884,22.856618,6.14739072,99.47661204,kidneybeans
19,65,17,23.52112211,15.65198021,6.03935776,91.08765187,kidneybeans
10,62,24,20.18694197,23.12771821,5.72157364,85.21506911,kidneybeans
21,70,26,20.84062062,16.05486509,5.89788968,106.13639983,kidneybeans
42,63,20,16.26084937,22.29117104,5.52003233,91.72581171,kidneybeans
28,72,17,20.37897461,20.82269647,5.80871187,97.50383223,kidneybeans
5,71,22,19.50092044,19.13024281,5.82668066,61.06402895,kidneybeans
23,65,18,14.5339839,24.42185133,5.93449291,99.6250202,kidneybeans
6,57,20,18.81889947,18.68904448,6.38342867,114.37619742,kidneybeans
32,69,24,17.31145061,19.69208719,5.45142993,112.50893018,kidneybeans
32,67,24,18.66686954,22.61194071,5.7833572,54.07133071,kidneybeans
23,71,24,22.89085324,23.91335634,5.3734818,84.12962641,kidneybeans
9,72,21,24.76987123,24.11968322,5.67312572,129.5421028,kidneybeans
13,71,20,23.50091479,22.01683634,5.56940716,97.59342433,kidneybeans
22,71,20,22.71581479,20.45755124,6.09585221,121.15493561,kidneybeans
27,63,22,20.6442393,20.7084381,6.02744927,116.67916173,kidneybeans
14,71,19,24.39886817,19.74129366,5.57942102,75.9054581,kidneybeans
29,59,22,18.24739794,26.00392844,6.02486516,74.75856387,kidneybeans
28,74,20,19.2777353,17.65296134,5.4831265,114.5507768,kidneybeans
31,74,21,24.48557945,18.2527618,5.79768212,115.99010907,kidneybeans
14,72,20,13.26499346,25.10707596,5.84099695,80.42776008,kidneybeans
24,74,16,21.61037084,20.16481633,5.89554342,98.17597117,kidneybeans
32,70,21,22.61122974,22.9064825,5.53059467,31.84987759,kidneybeans
24,72,25,15.73340673,20.85397931,6.05455483,151.37689439,kidneybeans
34,73,20,19.86481206,23.39349139,5.76529815,110.68921497,kidneybeans
16,64,25,12.96913252,19.49315497,6.61938661,122.7264622,kidneybeans
27,63,17,15.60022782,18.08717901,5.53106645,69.66630697,kidneybeans
17,74,20,19.89423819,19.91154928,5.7823652,82.04711619,kidneybeans
20,62,20,18.44747061,19.63766541,5.3131698,94.24177939,kidneybeans
15,50,19,21.39554644,22.37879243,5.88264178,144.62730008,kidneybeans
17,63,18,16.79213049,18.24894899,5.74149869,87.21222389,kidneybeans
20,76,20,21.9821178,20.77536948,5.25622349,113.05076964,kidneybeans
17,76,17,18.54119155,26.09106303,6.06057458,94.25972082,kidneybeans
29,66,17,20.81212915,21.18344167,5.75318095,96.24678843,kidneybeans
21,66,20,19.73803337,21.80406743,5.74360027,112.57347944,kidneybeans
11,80,18,20.42051452,24.13596165,5.50390607,88.61026924,kidneybeans
28,58,25,20.50001327,15.37444113,5.69784817,124.61843463,kidneybeans
30,62,21,20.16992493,18.10821012,5.40429094,105.35733049,kidneybeans
15,70,23,18.8813409,20.93478607,5.80757885,121.2802904,kidneybeans
21,68,19,19.95641526,21.90059442,5.8524458,34.27537623,kidneybeans
17,73,18,18.86845265,21.38612459,6.18515354,48.30442023,kidneybeans
14,76,21,20.46866918,19.49305361,5.33917451,70.82531773,kidneybeans
20,82,15,19.41330796,25.02937227,5.36023255,85.68757724,kidneybeans
22,62,19,25.38366982,22.23923844,5.44374203,110.41006022,kidneybeans
13,64,21,18.42920004,21.3040839,5.93240761,94.53681956,kidneybeans
15,62,20,21.53661012,25.13789604,5.89245253,91.62961332,kidneybeans
14,64,20,18.06148219,23.25116131,5.90707265,72.35076621,kidneybeans
27,69,16,16.46208307,24.80639968,6.15879525,114.68727691,kidneybeans
16,70,15,21.74918319,19.61607296,5.91118243,89.35138988,kidneybeans
27,76,18,19.80640283,17.44510443,6.13693063,166.95072773,kidneybeans
18,63,20,18.97633612,19.22690717,5.70023105,115.1877787,kidneybeans
25,76,18,21.46645584,22.48954597,5.28653819,162.01620766,kidneybeans
21,64,18,21.07186947,24.69369636,5.69702327,128.4204327,kidneybeans
10,56,21,17.96178393,22.75510289,6.03427947,66.87141488,kidneybeans
27,63,23,18.9984277,19.39162454,5.67210952,26.27499667,kidneybeans
21,75,16,21.78261891,20.07209309,5.30457945,71.27578446,kidneybeans
14,68,23,21.04800152,22.37055774,6.12854622,83.07862574,kidneybeans
27,61,19,19.26179882,22.89525903,5.16426882,131.72729445,kidneybeans
21,71,20,22.11962907,20.28617097,5.50478544,85.84271429,kidneybeans
35,70,21,16.64947904,21.99707503,5.9527744,97.41726928,kidneybeans
20,68,18,22.22506789,21.05024544,5.72197704,123.26369315,kidneybeans
20,63,22,20.42810206,18.44342838,5.70157911,102.5130893,kidneybeans
21,68,16,18.65118133,21.1917935,5.92404386,118.84050336,kidneybeans
22,79,18,20.0053727,18.73995936,6.28816934,102.50002119,kidneybeans
6,68,16,24.04070438,22.44196909,5.52844748,84.04102756,kidneybeans
14,82,19,25.28907458,25.48379877,5.27776107,85.02142813,kidneybeans
21,69,17,20.26621549,23.27849749,5.89828018,122.10602712,kidneybeans
18,61,16,15.8720556,21.41262324,5.35910037,74.98422948,kidneybeans
16,63,24,22.21046935,23.50387501,6.07769339,45.68163824,kidneybeans
19,74,15,18.64606035,27.11205812,5.61217586,97.83948831,kidneybeans
27,75,20,28.10314769,24.63633424,5.89746329,78.72226758,kidneybeans
12,58,21,21.30799862,24.25844275,5.94914087,120.94757957,kidneybeans
29,64,22,18.34710818,17.38530281,5.83699282,90.87378361,kidneybeans
24,61,18,22.31812627,26.4269943,5.94409235,78.07737838,kidneybeans
24,63,18,22.47071101,24.97887703,6.25364307,159.1179145,kidneybeans
20,68,23,21.89759286,25.32468312,5.22053917,112.60193752,kidneybeans
15,72,22,20.96906443,22.99744909,5.89112275,155.62710362,kidneybeans
22,69,14,19.79900402,20.32937356,5.44406561,148.02054854,kidneybeans
27,54,20,18.92677157,21.66542536,5.64951143,109.12873816,kidneybeans
33,73,21,19.8359233,20.4398964,5.82273746,131.92084377,kidneybeans
24,79,23,16.87036947,21.33981008,5.52081893,96.97462434,kidneybeans
29,56,24,19.2197617,23.82873577,5.40297237,105.14870091,kidneybeans
30,64,23,23.40225397,17.89188258,5.98370348,133.75533761,kidneybeans
17,63,20,22.51597619,27.718625,5.34775564,114.46026053,kidneybeans
24,68,16,21.81946538,21.86760334,6.14852044,83.76783662,kidneybeans
14,63,22,15.35994828,25.18647666,5.98725793,131.97693215,kidneybeans
31,71,23,19.25713816,20.80430715,5.94210157,93.40581382,kidneybeans
17,68,24,22.01871809,23.98967997,6.37263711,83.88361977,kidneybeans
23,64,22,21.80815765,20.07863553,5.65209272,38.23910439,kidneybeans
24,71,20,16.14731751,20.45011584,5.677808,92.90114061,kidneybeans
27,67,16,21.13800681,22.54240456,5.73169671,103.87640745,kidneybeans
6,72,16,20.33142427,22.92747056,5.98070585,68.87949258,kidneybeans
20,72,18,19.56766722,22.4103684,5.87388343,119.81168143,kidneybeans
25,77,16,19.68916795,22.48983016,6.05937354,94.69196717,kidneybeans
28,71,21,23.75528787,19.36289416,5.63439212,109.73800047,kidneybeans
24,71,21,19.5294437,20.20945221,5.88665151,95.00625702,kidneybeans
22,70,21,31.60665099,42.07845928,3.79231098,192.52570039,pigeonpeas
23,73,15,24.57550004,61.28815003,6.50578848,17.32656245,pigeonpeas
0,72,23,28.81943502,54.84827637,4.47080972,93.15830734,pigeonpeas
22,71,16,30.8856423,55.01103944,4.12960219,143.82434042,pigeonpeas
24,76,20,28.58797445,47.13828937,3.88310271,164.68639001,pigeonpeas
26,70,23,24.34271549,67.95383625,4.55066013,122.74671073,pigeonpeas
17,66,24,30.29455292,71.01103139,6.12180565,137.08907601,pigeonpeas
24,76,21,27.83367585,41.03042347,7.66795454,55.04285544,pigeonpeas
27,69,22,27.08375355,80.79864489,5.87836733,154.85846295,pigeonpeas
22,65,14,29.26127061,55.61275109,1.04566875,183.03597346,pigeonpeas
3,62,20,28.94068462,52.24681653,8.29276453,183.45485896,pigeonpeas
28,63,26,25.26284415,50.32519386,4.28221047,198.55975512,pigeonpeas
25,69,21,33.5521475,43.00802265,4.8042061,102.87671153,pigeonpeas
37,77,20,24.78736767,60.24932836,3.01668218,160.76091194,pigeonpeas
34,66,19,22.19217304,47.500644,4.09407904,118.6690194,pigeonpeas
18,72,21,25.0866987,35.70701277,5.86559264,142.87191537,pigeonpeas
24,70,18,26.12535059,29.21334333,7.81594187,125.87962221,pigeonpeas
30,76,24,29.84853941,48.63292804,8.02277977,181.19027858,pigeonpeas
37,78,24,21.81503048,53.82635499,3.9811774,99.52801006,pigeonpeas
21,58,23,24.48937436,42.52952361,8.70307641,183.74668006,pigeonpeas
45,75,19,31.14355703,66.05940279,10.49572246,184.60674034,pigeonpeas
17,67,20,35.59049998,46.60286221,5.63153019,123.03867019,pigeonpeas
25,68,20,29.25961142,46.05847565,4.89375802,200.22086041,pigeonpeas
23,72,18,25.77938614,48.79905452,1.53945915,114.16069386,pigeonpeas
0,78,15,31.21672446,40.11415375,8.12225929,245.24482742,pigeonpeas
30,56,24,24.95374847,34.97309323,9.48734206,146.97972042,pigeonpeas
23,66,20,33.52296043,49.03705351,4.51250682,132.06478503,pigeonpeas
28,67,19,27.90479979,44.04174746,0.1903127,176.66743824,pigeonpeas
4,70,20,31.32021813,55.06733177,-1.96455634,165.35726613,pigeonpeas
22,61,17,32.12966066,33.88777314,8.16117615,144.04402523,pigeonpeas
13,75,13,28.73340374,65.19435158,9.09985785,160.69420162,pigeonpeas
20,57,16,30.88282776,48.40253821,7.69207724,132.99097253,pigeonpeas
29,64,17,25.83059745,60.01192533,4.19817052,122.88404082,pigeonpeas
9,59,16,30.97729937,51.90050092,5.69874016,71.21850454,pigeonpeas
8,59,16,30.88677531,56.11463652,10.03008473,128.42880137,pigeonpeas
11,76,20,25.37701552,41.91488513,4.10016051,201.26941539,pigeonpeas
18,69,18,29.19408262,63.52088132,2.21592973,115.15559789,pigeonpeas
4,74,21,33.42998682,46.89170287,5.14555213,154.10136586,pigeonpeas
38,81,21,36.81002832,48.57058917,7.88325888,135.46307333,pigeonpeas
19,82,26,18.69566562,45.45552004,2.91410557,178.65013224,pigeonpeas
0,67,26,33.63064535,30.52910414,4.71643542,112.95441602,pigeonpeas
31,52,19,32.04842869,34.48546676,6.07295709,150.97923509,pigeonpeas
19,75,22,23.25658846,50.36699203,9.22610404,124.05902904,pigeonpeas
14,63,24,31.96942302,51.08665899,7.40287637,140.34341659,pigeonpeas
30,68,19,26.84988276,57.93818354,3.84286944,145.21288978,pigeonpeas
5,60,18,32.67914924,48.66873941,4.28838953,185.79604237,pigeonpeas
30,76,18,28.09719979,58.26560069,2.59928214,149.37036372,pigeonpeas
7,71,23,26.6039798,46.97351007,6.43360088,88.14591744,pigeonpeas
0,73,28,30.11220523,37.45398087,6.20457406,110.57938246,pigeonpeas
14,59,14,20.74359683,50.11959241,7.95058442,132.18945523,pigeonpeas
17,78,16,29.83341953,61.214722,5.69557204,165.50789213,pigeonpeas
18,69,18,28.39910133,74.64513318,5.19600352,135.93783118,pigeonpeas
0,71,16,33.27788683,49.30246565,4.8895327,123.68434774,pigeonpeas
21,71,18,37.35199304,43.20380032,9.39004082,143.33393452,pigeonpeas
21,64,19,35.55711399,38.95765474,3.14470295,197.32702809,pigeonpeas
29,71,20,25.04817838,40.05246013,7.31928228,113.86730043,pigeonpeas
4,71,20,36.57162704,46.46771297,8.42000846,110.98734791,pigeonpeas
31,65,19,21.35102301,42.51641586,9.89527729,151.18774675,pigeonpeas
20,68,22,13.63706209,51.04939324,5.37753378,193.58116681,pigeonpeas
39,71,21,31.50323541,59.92871618,7.45901274,191.58390418,pigeonpeas
21,64,24,31.00209179,52.15581254,4.69531822,158.95089736,pigeonpeas
33,66,22,27.38980699,36.64254021,7.18182345,153.38394923,pigeonpeas
11,68,14,24.27839104,46.52386967,4.96143362,129.14829205,pigeonpeas
12,76,19,21.52651806,48.56859656,5.79502438,89.81887327,pigeonpeas
30,69,23,24.20381783,50.07686319,3.88068089,160.93953673,pigeonpeas
10,71,21,32.32639686,56.52801823,8.17975739,167.25188574,pigeonpeas
17,77,25,19.74910315,63.11167174,2.57138703,114.76354263,pigeonpeas
21,68,25,12.82877609,39.43055651,5.51385211,116.43289295,pigeonpeas
19,68,15,29.30776959,44.48998771,8.65383769,166.73160427,pigeonpeas
7,64,20,29.92802821,31.40189736,1.4924998,163.68878432,pigeonpeas
24,63,20,28.91584511,66.18237241,7.46580917,185.43670568,pigeonpeas
17,73,21,30.5991399,35.55692876,5.13584732,147.25884416,pigeonpeas
28,69,20,32.52091691,43.09889548,5.14929053,116.3222564,pigeonpeas
13,71,19,24.73121133,35.63938245,5.69410144,143.56329684,pigeonpeas
8,63,20,23.06856939,49.96057139,3.08635831,99.17024333,pigeonpeas
18,77,15,36.83434321,73.44100302,-1.26584382,146.07490313,pigeonpeas
27,59,15,36.963714,42.5757332,5.15661753,137.06613783,pigeonpeas
0,75,17,34.46650781,67.20632597,4.87936617,162.16917921,pigeonpeas
32,62,25,20.37470184,65.15430273,2.95872345,148.96960302,pigeonpeas
12,60,17,24.81213347,51.49605631,0.7204621,147.60938892,pigeonpeas
18,83,15,31.59073113,47.99491163,4.67237367,107.90469604,pigeonpeas
39,62,24,29.6253602,52.29902882,4.73282922,168.82018739,pigeonpeas
27,64,16,35.67536981,64.46611411,7.7094624,137.36567944,pigeonpeas
4,72,26,27.14875372,46.35995508,2.58062021,181.47029163,pigeonpeas
39,65,17,18.18940994,42.54034868,1.86340469,130.3153749,pigeonpeas
26,55,25,24.61396686,59.5053365,5.19204926,167.34738095,pigeonpeas
15,68,17,28.23778492,49.44187835,4.14961611,147.34916101,pigeonpeas
35,52,12,25.00354469,35.21435856,4.90848619,155.16969922,pigeonpeas
20,82,18,30.7141367,48.40331519,4.68064396,167.96946021,pigeonpeas
5,65,20,21.96480888,65.48574723,11.0987572,163.34842102,pigeonpeas
23,56,23,26.47794479,60.58800861,4.99715956,144.91400874,pigeonpeas
18,74,19,25.87634123,50.62406051,5.18509892,118.08453493,pigeonpeas
11,69,16,21.83252234,34.3986647,2.83305191,189.72012752,pigeonpeas
49,73,18,30.42524482,70.3817447,1.42590977,123.72553872,pigeonpeas
34,68,17,20.25662172,46.70000804,3.60742609,155.15693275,pigeonpeas
14,66,20,22.84651132,28.76914747,4.0976775,159.79476999,pigeonpeas
43,76,22,25.97383914,48.58662719,4.65540667,167.63754833,pigeonpeas
25,80,16,38.98688295,59.87110198,6.02300623,191.75237998,pigeonpeas
2,81,18,24.7649527,36.77995613,2.78036991,161.10567042,pigeonpeas
21,74,23,25.44952346,38.55777984,5.6902362,163.11948758,pigeonpeas
12,45,19,23.63606838,48.14600926,5.99791237,46.28042464,mothbeans
35,42,22,28.12556343,64.93253213,9.38178291,53.36375166,mothbeans
15,54,18,31.29444476,42.65651957,7.0544829,64.8026851,mothbeans
33,53,25,29.56698263,68.71708416,8.60215768,29.33099849,mothbeans
23,64,21,30.80782792,35.68738503,6.62885464,55.92661962,mothbeans
22,39,21,31.68235389,61.31315065,6.52977394,61.50889157,mothbeans
12,56,18,28.99116327,62.91765526,4.18215105,50.45835143,mothbeans
24,52,21,29.74705782,57.49024421,4.83605539,62.88319797,mothbeans
14,54,20,23.06265051,55.81171889,6.68698211,57.19697139,mothbeans
22,44,28,25.68782455,48.53622393,13.38770822,56.05215963,mothbeans
30,58,21,26.66666643,57.89083536,9.21843079,52.61685652,mothbeans
27,44,21,28.06392247,59.18953513,8.12622476,53.00583945,mothbeans
36,52,20,29.85735396,53.59037585,6.41955416,55.05727106,mothbeans
20,43,17,31.04698685,45.24758019,5.40216733,66.06489253,mothbeans
26,43,18,31.86971658,59.11843417,5.41339155,51.47798122,mothbeans
22,47,17,29.95221828,52.47562767,7.95377062,48.80507052,mothbeans
34,37,18,29.14280484,62.36397675,10.13321782,51.49639396,mothbeans
29,35,21,30.71937436,48.98943846,4.86209409,45.30976061,mothbeans
17,49,24,31.39407146,49.63793682,7.91013944,56.054149,mothbeans
29,38,18,34.48582534,50.97390712,5.31965179,64.83099095,mothbeans
37,42,23,33.3270941,46.19245421,6.41357396,55.66350329,mothbeans
20,42,20,27.86572708,49.48920528,7.44787928,29.22285902,mothbeans
25,36,19,25.18897471,50.78077132,1.68016687,37.4639615,mothbeans
34,49,27,26.90470607,68.78316684,6.48641642,67.03258317,mothbeans
25,54,14,31.86029801,50.20724669,7.86480261,58.44855407,mothbeans
22,35,22,26.30882455,49.74896628,5.87484231,65.82574317,mothbeans
30,34,17,27.38503782,47.19308766,4.67092595,28.53389111,mothbeans
24,55,21,23.79378688,52.27473459,4.3287518,49.70254994,mothbeans
25,50,25,23.55600982,45.71117964,12.40892499,47.72283259,mothbeans
32,30,16,27.31565445,46.9813213,6.21226621,35.83499617,mothbeans
22,46,23,25.84169333,63.80947463,9.6889506,60.03341325,mothbeans
22,53,17,27.67155727,61.71309747,7.22222149,65.96911604,mothbeans
28,63,18,26.06953687,52.58043387,7.50182594,49.14903807,mothbeans
31,50,21,26.10282473,47.95382636,9.24879296,58.62612533,mothbeans
1,44,21,29.39586963,60.69884569,6.3794845,49.01213025,mothbeans
27,43,15,30.80833937,35.62241488,5.69041465,50.34462143,mothbeans
15,51,20,30.88136523,51.93494503,8.38226193,48.93335834,mothbeans
37,43,21,29.78390868,66.74992128,6.16594076,43.16168513,mothbeans
23,38,19,26.79223119,48.30380487,4.01343499,70.1100196,mothbeans
30,56,20,27.33881652,65.24318241,5.84419692,55.69576321,mothbeans
27,61,22,20.2013965,58.13042972,5.68369643,56.4369609,mothbeans
33,55,15,31.34989797,49.33678965,8.23145456,39.329606,mothbeans
15,48,17,26.81366862,60.40239651,7.30838135,33.21395401,mothbeans
25,47,19,31.53989722,48.80097193,3.71004028,42.85586806,mothbeans
28,40,20,28.92554009,39.50427009,6.42135935,47.36332578,mothbeans
30,44,21,26.93779357,59.87516872,4.13560457,41.11564828,mothbeans
13,48,20,29.8996013,48.60410258,4.58391891,46.04296335,mothbeans
34,47,18,30.77832325,70.14198832,7.21936527,65.80610953,mothbeans
19,45,22,27.64152427,38.08501442,5.30775887,32.76720777,mothbeans
31,56,23,26.1749542,62.4348985,5.8128355,58.84201586,mothbeans
16,42,17,26.30866906,61.2513045,9.75606359,42.59048867,mothbeans
26,53,14,27.03607027,65.94636712,6.36498159,68.87565709,mothbeans
17,59,19,27.92308201,57.49475535,5.60288265,57.81485176,mothbeans
16,41,21,21.90420043,52.89421139,7.42285875,47.60355383,mothbeans
29,62,20,29.66219451,41.44416527,7.29104716,50.28112875,mothbeans
16,47,21,28.80285253,51.48205037,6.43047926,48.1808176,mothbeans
13,46,19,31.51457353,43.42639906,5.64570564,40.2187144,mothbeans
32,35,21,28.34304733,56.01705987,7.74316962,39.79595059,mothbeans
36,48,23,28.46139304,65.69943463,4.67578578,50.90142024,mothbeans
29,60,16,24.06399996,63.05135131,7.34797695,48.28193705,mothbeans
28,33,22,29.88819384,62.96154123,11.03641962,30.68927192,mothbeans
17,38,19,24.31422935,52.61142809,6.46901961,41.56181863,mothbeans
31,44,22,25.56175912,59.07240452,5.64018835,61.22015848,mothbeans
30,48,19,26.83911221,48.22209869,10.10073834,42.17393151,mothbeans
21,41,22,29.72467575,41.71511919,4.54312873,20.56283994,mothbeans
26,54,27,27.93994891,61.9232213,5.14005445,30.90064422,mothbeans
12,57,18,31.2704981,47.13284532,5.71820462,55.13798051,mothbeans
13,54,20,26.75915244,63.22213091,3.94433273,70.72843578,mothbeans
23,26,15,34.15605887,44.25971213,9.65409892,39.79095915,mothbeans
30,64,20,33.18913837,48.10723353,8.32819208,56.86937203,mothbeans
24,47,19,28.41950229,47.8486863,12.11361898,34.08800105,mothbeans
35,60,19,28.58205235,38.08718374,6.99818602,41.47212687,mothbeans
34,54,23,32.6791814,46.81729034,9.79794332,33.41393213,mothbeans
26,53,21,29.62406752,54.63199569,8.48556765,31.47350632,mothbeans
8,43,21,19.30901582,45.18553206,9.00171595,63.03596281,mothbeans
35,63,24,26.77567371,45.36980769,9.35394732,57.52688643,mothbeans
31,34,21,34.41904523,46.05110728,6.68163685,67.96229222,mothbeans
24,58,22,29.37119474,49.78055298,9.23000804,99.30988851,mothbeans
39,60,20,24.37516017,63.69894114,6.70189145,30.28199489,mothbeans
18,55,19,29.62616395,44.10787476,4.09533396,60.06322989,mothbeans
36,57,18,25.55042849,51.31955382,4.20992065,39.45967201,mothbeans
33,53,23,24.13864853,52.02604434,6.72203446,48.07500064,mothbeans
17,46,15,28.10611184,51.41296046,5.6510661,70.01520228,mothbeans
22,41,18,27.02105963,52.18202326,7.7704239,36.14644537,mothbeans
29,47,16,33.27416409,44.44092869,8.12154441,53.40060635,mothbeans
15,38,20,29.10426013,39.38087502,7.79457474,41.16685228,mothbeans
24,54,17,24.13253903,56.26681264,4.60065858,37.79987816,mothbeans
22,54,16,25.98206155,53.83890613,7.7044615,49.83049049,mothbeans
27,36,17,29.19664542,64.77338641,7.10483092,46.05997905,mothbeans
35,46,20,29.72117937,47.07386717,7.18741893,54.29322683,mothbeans
16,45,22,29.4427776,56.67524443,12.30715443,58.36962629,mothbeans
23,44,19,30.17342635,59.72581943,4.7875167,60.14811071,mothbeans
18,47,19,26.45855955,49.48221599,9.0240292,43.81739118,mothbeans
25,35,20,30.78085125,46.54427658,5.58566583,56.45545228,mothbeans
30,42,22,27.34359679,54.90431503,5.25000724,61.37266731,mothbeans
24,32,25,31.38647339,52.74928714,4.34963149,43.96559188,mothbeans
22,56,16,25.72805606,33.89886233,2.43130664,72.57830892,mothbeans
25,42,18,28.87996262,45.18489491,7.70345869,45.34105248,mothbeans
40,28,20,32.37006655,46.71983676,6.37432238,54.98086782,mothbeans
16,53,19,25.9846333,56.98926728,4.51256844,60.24602657,mothbeans
1,58,20,29.28951608,87.07073943,6.31335176,40.68163676,mungbean
17,50,24,28.44578454,86.59352333,6.72318004,48.99683234,mungbean
31,55,17,29.47698273,84.73367896,6.20650432,58.6910779,mungbean
45,59,18,27.47037493,86.51444029,6.56086998,50.63996283,mungbean
18,55,22,27.71164203,81.49520689,6.70788184,52.48826238,mungbean
46,35,20,28.27366457,85.28764888,6.79712608,57.11977589,mungbean
46,53,22,28.08696867,84.26699983,7.19232074,64.06954912,mungbean
22,45,16,28.46267662,84.04470903,6.11357557,45.03856792,mungbean
26,43,17,28.49268387,83.67526559,7.4755357,45.406182,mungbean
23,49,18,28.8255188,91.08593751,7.30534095,50.43134418,mungbean
47,49,25,28.70685732,85.73854085,6.54725456,55.54044113,mungbean
34,44,21,27.2915252,82.31355727,6.76208262,48.2512543,mungbean
26,30,20,30.13952402,90.02030194,5.79704622,50.38727681,mungbean
0,40,18,28.57832069,84.39151611,6.62926445,46.60224376,mungbean
20,60,17,30.3047022,80.98253508,6.52731769,40.39848002,mungbean
0,49,20,29.5385688,88.92718284,6.60614597,54.52983265,mungbean
39,41,23,27.84783996,85.67598601,6.80834141,53.29193387,mungbean
17,47,22,28.04360757,84.19344409,6.64994024,59.7580315,mungbean
29,44,21,28.68812164,86.80725816,7.00237495,27.1536913,mungbean
35,47,19,25.64967589,84.02049341,6.02336555,49.76983634,mungbean
14,44,22,27.5527501,84.10607235,6.61947986,44.41503354,mungbean
6,48,24,27.89785792,83.56991979,6.59199102,52.58262499,mungbean
36,42,24,29.90360698,85.16803488,5.95072524,66.31600492,mungbean
7,55,20,28.78100926,84.56095083,6.57450559,41.05415061,mungbean
5,40,14,29.90803073,86.10310969,6.68501948,30.47811345,mungbean
36,45,18,29.91807055,85.13667346,7.24560255,42.51800885,mungbean
33,46,16,26.82057627,79.81984554,7.00898538,38.78796551,mungbean
26,64,25,27.13684949,83.9508241,5.91694259,60.1590806,mungbean
17,56,22,28.30936253,83.94625324,7.26665663,61.31292887,mungbean
27,66,19,28.41156812,81.24003331,6.61382476,36.08857981,mungbean
29,30,22,26.82593754,84.64721655,6.11830445,59.44997263,mungbean
9,42,22,29.79546837,88.30834674,6.6233631,28.58153404,mungbean
4,37,23,28.06884076,81.45473463,7.46398559,51.68844783,mungbean
15,62,24,26.62308402,86.64934078,6.6393926,39.7334147,mungbean
40,53,25,28.33992003,83.35363011,7.57920781,43.37552208,mungbean
37,47,17,30.60998541,80.41991315,5.98674346,52.52102432,mungbean
2,35,22,29.56182435,84.52309568,6.98508625,52.30230533,mungbean
29,48,19,28.20536416,82.92922846,7.14442189,36.65508213,mungbean
7,23,20,29.62242441,89.77378591,6.26458637,62.01583284,mungbean
31,53,15,26.43298617,88.11396787,6.60995035,37.71854326,mungbean
17,52,17,28.82267644,81.00780269,6.66473289,38.651428,mungbean
23,26,21,28.8665588,88.85128599,6.37238444,30.06345024,mungbean
32,32,15,29.93724246,85.3036461,6.75163718,39.05477738,mungbean
1,64,17,28.12916512,86.96597792,7.4411449,46.40330463,mungbean
26,60,17,29.02515729,82.83105596,6.89772663,53.50811678,mungbean
37,38,18,29.06139244,88.6996605,6.12321168,43.89964098,mungbean
17,39,21,28.95202164,83.61049539,7.69247751,42.11642145,mungbean
32,57,25,26.83156401,82.27845065,7.11157048,26.78908416,mungbean
13,41,19,28.21689568,90.6223957,6.50290743,50.75320173,mungbean
0,43,16,28.23572291,88.22730848,6.4765588,47.61986422,mungbean
5,50,20,29.0446774,87.49404115,6.9387248,45.57445317,mungbean
0,42,21,27.47016385,86.22777025,6.4214887,47.73753352,mungbean
19,44,20,27.49071747,79.44416694,6.96037131,55.71305139,mungbean
24,49,19,27.41734828,86.26806487,6.93542725,49.606577,mungbean
17,65,21,27.62272756,83.87753022,7.26638115,55.38451762,mungbean
35,44,23,26.8322676,83.63903786,7.22453521,60.56158176,mungbean
0,35,20,26.63657685,84.10851875,6.00395174,61.11951205,mungbean
18,39,23,25.2367333,83.67160804,6.67705695,42.71138136,mungbean
15,44,20,28.70841786,82.23953695,6.58303002,41.83461742,mungbean
0,53,20,29.31567034,87.14939561,6.61750412,49.38121028,mungbean
19,61,30,29.71987082,83.30402264,7.01489091,53.38663333,mungbean
22,62,16,30.85216493,80.38602267,5.68541814,47.52869776,mungbean
34,46,17,26.81228945,84.48367171,6.06539771,37.20030517,mungbean
21,41,21,26.81721454,80.09401861,6.13990696,50.79621814,mungbean
20,42,20,28.37046961,84.53893579,6.49370343,37.56041169,mungbean
14,54,13,29.29736499,79.37795268,5.99229605,43.88587335,mungbean
11,50,19,29.36929955,79.1921357,6.73750571,40.96722221,mungbean
19,40,20,28.22182338,83.16615239,7.49492112,51.32191938,mungbean
15,44,18,31.45909059,83.01215455,5.66566152,35.20054423,mungbean
23,57,21,27.8231917,84.47737886,7.69063173,50.00971038,mungbean
13,52,20,28.19174409,93.03632792,5.93047435,55.66810287,mungbean
32,43,22,27.17081087,79.57950549,6.58550751,35.4519373,mungbean
9,46,19,29.21030915,86.38705738,6.28659948,45.39338226,mungbean
5,39,17,28.08574298,82.06310491,7.04777621,41.73612884,mungbean
6,61,22,27.63837949,83.30688507,6.28735491,40.91311027,mungbean
28,45,25,28.90427938,85.78708108,6.76353633,61.92213142,mungbean
9,50,23,27.82798307,84.19568892,6.0483167,44.89314313,mungbean
27,38,17,28.87019546,81.49407474,7.06450863,47.8857551,mungbean
8,28,18,27.2787414,90.47721426,6.69484267,55.46735043,mungbean
17,43,12,29.13439959,85.30303792,6.74996283,44.77740263,mungbean
15,50,16,28.73271831,80.37345368,6.18613652,31.85046875,mungbean
13,48,18,27.941913,87.95576173,7.21307814,34.82486014,mungbean
28,41,20,28.08496189,77.13503823,6.76161662,46.54111233,mungbean
18,57,14,28.2575386,83.5734625,7.17792429,53.38210215,mungbean
3,54,20,29.57185273,84.82166811,6.72802447,52.07411994,mungbean
16,43,15,28.45764706,86.97065053,7.11809906,48.86574081,mungbean
29,56,25,29.78129036,90.83641737,7.00992699,49.83048474,mungbean
32,21,21,29.70248978,90.61014553,7.06598067,61.47906418,mungbean
27,48,19,27.93331624,86.51516904,7.09022409,38.95588803,mungbean
30,71,13,28.03566432,87.54547555,6.5313565,57.91822647,mungbean
32,55,23,27.37107564,79.90157036,6.69790712,71.19040491,mungbean
20,48,23,27.74481784,79.87908999,6.86147765,31.65073531,mungbean
26,44,23,28.43842512,90.15653464,6.43459202,59.25701221,mungbean
17,31,23,27.26483603,84.34705883,7.02402252,54.71517374,mungbean
31,43,15,28.34148761,88.69167393,6.06837369,66.68796763,mungbean
15,43,23,30.31425488,88.3793106,6.09940994,49.71127208,mungbean
39,55,22,27.2705991,90.09810369,6.29846743,61.90033946,mungbean
6,45,12,28.91299284,79.3500148,7.26523892,57.46179889,mungbean
0,47,19,28.77230173,83.05147753,7.64284583,49.28483992,mungbean
0,47,19,29.07980984,85.06005071,6.99093247,38.03523784,mungbean
49,70,11,27.98281847,60.49586442,5.9831449,68.58831588,blackgram
27,61,19,29.64658174,74.19418411,6.19252264,67.3745064,blackgram
26,63,17,30.22147765,66.67684186,6.85924209,66.73911868,blackgram
40,71,17,28.30788477,66.69059663,7.29854696,66.2685518,blackgram
45,73,20,24.06844187,68.83124319,7.2466136,61.98340335,blackgram
19,61,27,36.1734067,65.7037714,6.61694248,66.8918005,blackgram
43,63,19,31.8238186,70.88435547,6.92425337,67.79351342,blackgram
26,68,25,26.29764876,64.26575848,6.76750916,64.51147715,blackgram
58,83,29,27.1796673,66.70810726,7.52257151,71.79177117,blackgram
45,70,20,29.86285928,67.3597992,6.88066448,60.7240129,blackgram
36,77,17,29.50357034,68.12897431,7.47729355,73.10875544,blackgram
37,73,24,29.73811757,64.27787586,7.31363189,66.71835667,blackgram
32,67,16,29.93778043,61.88217311,6.23156954,74.11345741,blackgram
54,71,10,28.41440038,67.08911022,6.62374244,76.1005307,blackgram
37,75,19,34.40200144,60.27222993,5.98599894,71.84843258,blackgram
49,59,18,29.2672901,66.25387732,6.99478098,65.27058208,blackgram
46,72,29,27.75642352,60.14172877,6.3696682,64.48174082,blackgram
24,76,10,27.73499093,66.5603367,6.93857111,67.04523619,blackgram
44,71,15,23.36772173,66.26003829,6.46137556,71.4453124,blackgram
22,59,6,35.18962168,69.58215809,7.23569112,68.67557552,blackgram
39,54,14,26.16738595,64.60476942,7.12440338,65.48391468,blackgram
30,66,10,30.88368853,59.28408869,7.09700255,61.24374128,blackgram
33,75,17,36.74793809,66.24793777,6.3939936,66.16647409,blackgram
54,72,19,32.38387744,61.56649815,5.89320567,70.18318789,blackgram
36,69,16,29.41071323,72.85452027,7.10931382,70.25122509,blackgram
43,67,23,27.28762408,62.84611916,6.96801979,59.29321466,blackgram
39,64,15,33.24442177,58.68678289,6.8765709,65.65550264,blackgram
35,75,13,29.76406719,64.97263864,6.76853016,81.47875891,blackgram
31,59,24,28.33799716,57.75916301,8.05921369,63.98952338,blackgram
44,70,17,30.0607734,59.48837001,7.27610021,68.80702922,blackgram
27,55,20,34.14934362,65.23804365,7.48797841,73.06404577,blackgram
38,67,19,33.50387495,57.95847881,7.01832298,67.60251812,blackgram
44,67,29,32.40650289,62.75135026,6.15993863,70.83419001,blackgram
46,64,17,28.40318578,68.39292328,6.83165657,74.8622159,blackgram
36,78,20,33.85079589,66.48266036,6.81446157,66.04821398,blackgram
29,62,18,31.98662142,68.77693249,6.18637167,65.01327493,blackgram
33,66,25,26.98533928,62.47502111,7.75135147,68.37887414,blackgram
28,78,17,27.73491139,64.49201691,7.49867706,70.70232092,blackgram
26,75,17,34.77635894,60.79103004,6.89157484,64.50011158,blackgram
35,63,18,23.1834486,64.72495521,7.61663787,76.11420624,blackgram
39,81,19,31.20091022,62.74760518,6.17769876,64.94819184,blackgram
34,84,28,28.64628922,62.97740295,6.01578278,68.39015363,blackgram
35,72,21,30.20641088,67.38361915,6.05776056,62.67541891,blackgram
43,64,20,32.188279,68.58020398,6.92061396,59.76244678,blackgram
50,59,14,27.70216218,65.34226224,7.37247846,73.96336117,blackgram
34,60,17,31.86005164,70.14577131,5.96479212,61.56132687,blackgram
32,70,18,29.27696027,63.46279934,7.55498995,69.24940113,blackgram
43,74,20,29.70270422,64.22362535,7.17654631,70.60587876,blackgram
50,70,21,29.64765637,62.63660333,6.41887876,76.64232694,blackgram
38,73,17,29.02547041,64.47989943,8.2669176,58.82975531,blackgram
51,78,23,28.36142265,66.48332465,7.2995204,63.92184283,blackgram
53,71,14,31.37484364,67.01033208,6.67142585,60.78953501,blackgram
54,61,18,28.79089286,62.94869707,7.14677358,61.522892,blackgram
27,60,22,30.8267187,67.37024814,6.80430987,63.37632881,blackgram
48,49,16,29.48593606,70.22762091,6.29856227,71.35496648,blackgram
45,67,20,31.7427161,67.31723044,6.66615151,75.67360472,blackgram
45,78,22,27.97184159,62.61678981,7.17991141,67.23348142,blackgram
49,76,26,31.27677075,64.66994963,6.84827292,59.32622499,blackgram
43,63,18,33.25871071,67.80294344,6.12035094,76.17141922,blackgram
71,68,15,26.97451012,70.31629695,7.50865569,75.03719557,blackgram
34,69,11,23.0370938,67.49402411,6.77515367,66.69291351,blackgram
27,76,7,28.24124143,65.06879105,6.52614261,65.74122038,blackgram
20,69,21,32.88942292,64.77993562,6.7763973,77.9313234,blackgram
34,78,16,32.15476838,69.55179555,6.98345361,72.96883553,blackgram
50,77,16,23.59195935,62.97572978,7.32871251,67.66638431,blackgram
45,61,21,32.37452452,68.4654244,7.24966429,63.17374741,blackgram
9,67,31,35.39033857,62.06530576,7.08994198,60.67710245,blackgram
40,59,12,25.50308296,66.9477434,6.79725529,58.64439869,blackgram
41,72,20,31.08330228,61.01111182,7.33242173,65.56917903,blackgram
40,69,24,28.52883717,60.99419758,7.2959381,66.96988158,blackgram
58,65,19,32.2885986,59.85057946,7.04325688,68.32106536,blackgram
34,64,16,28.57859047,61.20666397,6.84476227,66.20396654,blackgram
29,61,14,33.17116182,63.8044121,7.14380455,77.98483667,blackgram
34,64,14,27.22722177,63.71970703,5.54119087,66.83333829,blackgram
32,62,13,25.55388156,65.92101087,7.121742,74.41380926,blackgram
47,59,21,30.61559885,65.41710512,6.59004046,73.94662324,blackgram
27,66,23,24.42806021,63.92156093,6.69197874,75.90524342,blackgram
38,64,10,27.96713485,69.16759792,6.77131331,67.48373185,blackgram
32,66,23,27.59890632,65.00026709,7.42524013,63.87766976,blackgram
46,77,13,29.61953251,68.66223933,6.46735987,72.82611314,blackgram
36,68,20,31.19962705,67.20302087,6.53051708,60.66701517,blackgram
63,66,21,25.75550353,67.99061471,7.02488352,67.69266294,blackgram
56,68,19,30.29694367,65.20794725,5.42191999,67.07246801,blackgram
59,62,7,33.09049653,69.50150934,7.99552941,73.19174002,blackgram
30,60,28,35.62303911,64.99205861,7.16891416,63.09570971,blackgram
60,66,22,30.25270112,63.10365412,7.16248849,71.35749764,blackgram
50,61,16,34.66370836,64.50651241,7.01807862,67.12448139,blackgram
35,79,16,34.23211021,69.43485377,6.44711034,70.90879152,blackgram
40,60,21,32.87342777,65.71460196,6.67489355,67.25763966,blackgram
51,78,28,30.39184319,67.28992753,6.12732308,70.14940787,blackgram
30,85,24,31.03660987,63.82453013,6.81352631,75.71240933,blackgram
47,65,13,30.84069834,69.29484396,6.61131846,64.35988003,blackgram
42,70,25,35.51817667,69.53745034,7.54879143,67.25632705,blackgram
53,75,19,27.49845392,62.42729771,6.59126943,69.28537599,blackgram
33,68,21,27.45441326,64.27216286,7.28060703,64.18954908,blackgram
37,85,21,28.89683014,64.5293521,7.25761751,76.47885965,blackgram
51,64,21,25.18772399,65.39452086,6.27810382,65.8717575,blackgram
38,57,20,30.16791076,64.0770056,7.65523422,65.16450513,blackgram
38,65,15,30.98995228,64.10864728,6.83558064,67.53055747,blackgram
52,64,16,29.85413254,63.21388271,6.75841111,68.48555205,blackgram
29,74,23,25.19955634,52.6449852,9.68502584,43.19087039,lentil
35,58,14,32.67005791,48.74847944,7.95441331,43.76936397,lentil
16,64,17,16.7118726,46.73696457,7.19987601,36.74831072,lentil
10,65,23,26.1264728,58.56047936,7.83038549,47.37686151,lentil
34,67,22,17.18053946,25.6317668,5.21665566,49.71590985,lentil
30,71,24,22.97663017,40.30870163,7.37097788,39.12771378,lentil
1,58,18,29.23088277,47.70688197,7.25617075,40.24423539,lentil
26,65,18,19.58709294,56.37107481,7.95619264,48.00714734,lentil
49,54,16,24.86709919,66.23307487,7.7021725,49.21285111,lentil
20,66,15,20.08084531,59.38381768,7.291401,46.6703908,lentil
16,72,19,22.85077847,67.8416113,6.54901088,51.48251081,lentil
26,59,20,18.09428081,42.19334169,6.3529561,44.53211699,lentil
0,63,23,20.95456547,62.97292654,6.64333795,48.02044833,lentil
15,69,16,21.5669297,34.49632343,7.72559965,45.55918548,lentil
16,72,20,17.36779313,32.26284121,8.5577087,45.50330609,lentil
10,69,25,26.21543279,34.84770461,9.02935345,36.8692596,lentil
24,65,23,23.82407708,59.9907544,8.00761277,44.23494925,lentil
31,74,18,16.01907349,38.17304882,9.57801504,39.82033625,lentil
9,58,23,24.06715265,26.41123176,5.71688431,38.30376771,lentil
18,72,19,25.60061186,48.36737852,7.62258857,61.59879651,lentil
24,76,22,27.41646934,49.48582271,7.6724961,41.97784035,lentil
26,67,18,25.5118623,44.53493988,9.34224976,49.7306913,lentil
21,61,22,25.6718571,60.4226834,7.48997415,42.52896295,lentil
21,71,18,29.33246516,51.96101001,6.60777704,56.29724206,lentil
35,72,21,26.15945278,53.83218532,6.75840199,49.39175238,lentil
15,68,18,29.10701926,55.2381139,7.25926046,37.92061581,lentil
25,60,28,22.86456272,47.44311609,8.06646552,42.53525693,lentil
28,54,18,29.55738048,94.81489676,8.69469247,51.22166046,lentil
19,69,20,19.49713384,36.95122913,6.87957379,36.56837132,lentil
8,71,20,28.37155023,48.5456021,7.06870452,45.40058473,lentil
17,59,14,21.31762939,40.72317192,6.05876667,46.06186658,lentil
43,61,11,19.78618169,50.83254082,7.5269259,37.70618322,lentil
23,68,21,24.72051778,44.13365356,6.46686942,40.61771924,lentil
16,66,22,31.24284665,61.88998049,7.36334612,44.70291473,lentil
21,53,18,21.74760917,48.44394232,9.37985002,48.43144479,lentil
20,70,19,21.61496513,64.44917603,6.40013889,49.11835356,lentil
3,87,20,25.99600359,38.51249414,6.84737267,56.47610793,lentil
0,65,20,18.56289381,63.15862466,6.90554163,43.57509455,lentil
23,81,22,24.57594944,49.20409241,5.67858304,46.75271556,lentil
9,75,20,25.76430272,30.64272463,7.32167244,51.5837669,lentil
28,62,20,23.11800637,57.66142478,6.88840816,41.54870335,lentil
0,73,21,22.153636,48.93220424,5.77361676,53.77585406,lentil
29,78,20,22.77741247,50.21981523,7.48036104,38.5069247,lentil
20,88,19,25.29383398,78.95062995,7.69409163,44.59421676,lentil
36,66,16,29.01076239,38.95035824,7.83460729,50.04849829,lentil
22,57,19,24.62505773,57.88844506,6.68038684,53.70952423,lentil
12,61,21,21.25581257,45.10259992,8.48598933,45.70337599,lentil
18,76,19,24.98862842,41.26620683,7.9617578,42.7410613,lentil
20,66,15,28.60636683,70.8503788,8.78098768,51.51313961,lentil
34,61,19,21.99237802,45.83627255,8.60368667,40.17583487,lentil
0,66,19,17.63073016,44.12357772,5.43288978,42.91387899,lentil
9,70,21,23.33516035,74.05256444,7.35929761,43.32459453,lentil
0,64,23,24.78791922,63.72690324,8.2509563,48.14378886,lentil
27,61,22,25.65536374,42.72716799,8.06581157,36.07326042,lentil
16,62,21,26.59887533,52.6074352,7.51975042,45.95514082,lentil
29,54,15,27.67310449,63.2414738,6.23479996,45.60275562,lentil
6,74,19,22.31272958,48.39190548,7.37109172,50.02486088,lentil
11,56,23,21.47282131,58.79773925,7.52847079,46.76855317,lentil
7,70,20,26.97400641,57.80187516,7.9589899,50.16236153,lentil
28,51,25,23.18443616,59.95073019,5.46647342,46.53941102,lentil
26,76,20,18.89531085,46.29094571,10.11107623,54.87603196,lentil
6,78,20,20.2599029,58.49220194,5.95486909,41.66873942,lentil
47,79,21,20.43433813,64.48832918,7.13143645,41.05105658,lentil
1,70,20,21.78274916,39.39052247,7.88848693,53.34327752,lentil
22,68,22,19.2524541,45.11964462,8.88173406,57.46499899,lentil
16,74,21,25.61179144,47.59620388,7.90452747,48.17707055,lentil
15,70,18,23.41794028,35.51382352,7.6080118,48.50516967,lentil
33,68,13,24.71331835,40.12569158,6.94315071,40.57364543,lentil
29,58,20,21.66540399,38.69496407,6.39644047,41.2780834,lentil
9,60,21,21.81899413,30.39836249,8.82428319,50.52053709,lentil
8,72,16,29.22097813,50.06566307,6.67516942,49.82806457,lentil
21,82,15,22.87646616,60.45740661,7.2582285,43.9719508,lentil
14,64,20,21.88591097,32.25856692,7.58576644,51.4048993,lentil
11,65,23,28.36824167,33.86249806,6.98192263,42.04446026,lentil
10,66,24,22.29943146,56.39469359,6.87465421,40.40601782,lentil
24,83,19,26.1351051,45.2932877,7.5240577,44.00876928,lentil
36,53,24,20.4792482,47.53839047,6.91193625,39.46199376,lentil
25,62,13,22.55787961,67.17658549,6.84395081,49.74459304,lentil
24,69,27,22.27792068,64.26492052,7.63350322,55.16519385,lentil
12,61,20,23.84539129,42.76968757,6.54136827,52.19190954,lentil
43,70,23,26.77308738,48.6845959,7.68647872,48.28389335,lentil
3,74,16,16.28822769,55.89921228,7.65872225,47.83631776,lentil
22,69,21,25.99793011,40.87319291,7.68396927,46.41604877,lentil
29,57,17,26.13725651,37.44750561,6.57160934,50.44031658,lentil
14,65,22,28.73815698,49.77912305,9.29431587,40.76690657,lentil
15,65,20,28.95889186,53.12287518,5.87783036,48.64809261,lentil
12,60,20,19.47773417,24.32660254,7.15553282,53.69173131,lentil
22,60,21,28.78854169,42.26470229,6.6324058,43.93451958,lentil
38,57,21,30.92529764,53.22626312,6.16890298,37.31051695,lentil
44,61,17,19.46743882,52.62653485,7.4586584,39.62264071,lentil
4,74,22,22.13559601,59.5600078,7.52110694,49.64856441,lentil
7,74,21,19.19155696,42.31182572,8.43144091,37.44580476,lentil
22,64,19,17.35491239,44.70676518,8.39909351,45.34455465,lentil
22,82,22,20.54058408,27.72758069,7.29344791,49.87058668,lentil
30,66,20,23.03559238,48.06725502,7.95752454,51.35016907,lentil
22,72,20,25.65142607,55.38435551,7.47662686,27.33667399,lentil
12,72,26,27.28228639,58.47117822,7.12258997,45.62799219,lentil
16,56,20,25.02161245,41.75147495,7.74171122,47.50140743,lentil
31,66,23,28.80869533,61.56461681,7.95843217,59.1608235,lentil
7,67,14,23.28666809,35.20790168,7.28223231,62.54186015,lentil
10,4,41,22.24850632,87.87431185,6.06449909,106.4613245,pomegranate
15,22,35,26.2887006,90.26996541,7.14193967,115.00714942,pomegranate
18,5,39,17.11180417,88.75426659,6.4896582,100.55351811,pomegranate
22,10,37,21.27873827,91.73801481,7.15771061,105.62021401,pomegranate
33,8,47,20.72179219,86.96481381,6.56691042,105.50549443,pomegranate
8,3,39,25.37761826,88.87644908,7.03292125,107.16637208,pomegranate
20,4,36,20.5489716,90.38979339,6.09447022,105.01955862,pomegranate
34,22,40,28.47671459,87.95945289,5.69913661,102.74225748,pomegranate
17,0,37,26.30310959,92.06642365,6.7523691,118.21299904,pomegranate
7,17,35,26.87490575,87.80886633,8.08987993,104.80967394,pomegranate
22,8,35,20.54780171,92.11055629,6.53288037,105.03535623,pomegranate
15,8,40,20.69833259,90.99429631,7.06595121,120.03623974,pomegranate
27,6,40,23.68996204,93.33900062,7.41616466,107.44993779,pomegranate
17,7,38,23.17787703,89.70786025,7.0480043,109.03663031,pomegranate
21,5,36,20.5280662,93.97855489,7.37259629,101.17971199,pomegranate
16,7,37,18.09665852,89.65575377,7.35300769,98.71830564,pomegranate
26,6,42,20.27479558,89.84090267,6.26996579,107.01894634,pomegranate
20,11,42,22.82060561,93.49560948,6.46536358,113.20657632,pomegranate
21,5,37,16.67986883,85.35221173,8.28832509,103.0609985,pomegranate
23,3,37,19.86852039,93.83446478,8.00537635,108.17535701,pomegranate
15,19,46,22.28698133,89.19534424,6.22012714,107.01047788,pomegranate
17,15,35,25.93569965,90.40658839,7.18801406,111.3504667,pomegranate
2,8,44,21.57257178,87.51256909,6.17452542,88.83186462,pomegranate
26,2,38,21.92706914,86.4116168,5.09668489,106.04473768,pomegranate
19,6,31,24.90457255,90.9899705,5.51256817,109.83878992,pomegranate
20,9,42,20.33103325,88.59554048,6.94457222,97.75173439,pomegranate
12,10,33,18.14791933,93.56710083,6.99524254,104.87710492,pomegranate
10,8,41,21.06803572,88.5431144,6.9615277,116.08893969,pomegranate
25,15,40,24.19176644,88.31000557,7.40830204,113.09485665,pomegranate
25,3,39,22.0994024,87.80779085,6.76604323,107.39934194,pomegranate
30,8,36,24.13428187,88.75327834,7.22273561,112.61339615,pomegranate
31,5,38,19.92859991,87.64971934,7.89416369,105.53739726,pomegranate
16,11,41,21.45044853,91.11205303,6.00510837,111.08951521,pomegranate
28,7,41,20.48584862,93.84231995,6.22739219,115.38714787,pomegranate
36,1,35,20.01122956,92.44011807,5.41211905,110.58229434,pomegranate
12,7,40,22.43754601,83.59441321,6.52435173,107.17149062,pomegranate
28,18,35,23.3847314,93.87786723,7.51523146,94.42172338,pomegranate
22,11,39,19.35264765,89.94883253,6.74167476,110.69152712,pomegranate
25,2,45,23.77625603,89.13600933,5.95163748,113.46292046,pomegranate
21,15,42,24.75190458,88.53758366,6.7678467,114.49033146,pomegranate
22,9,45,24.52488889,90.8699415,6.08948305,102.05586145,pomegranate
17,6,44,21.97718502,88.4285967,6.78556644,111.00773543,pomegranate
11,0,38,23.46918305,87.11616473,5.46124145,101.54560813,pomegranate
14,14,39,24.15196617,90.62134029,7.96336337,113.25629668,pomegranate
18,18,38,17.40466383,93.02210926,5.67715181,105.82534721,pomegranate
9,19,36,21.1339004,86.04337728,6.11586697,107.08057049,pomegranate
12,6,41,22.88341647,86.84885538,7.29930127,101.65475516,pomegranate
12,2,42,22.71559216,90.31661267,6.91658549,103.28648511,pomegranate
27,7,36,19.11183139,91.33319359,6.62852741,111.14955211,pomegranate
30,21,40,20.47104984,84.13509437,7.39085101,103.69885655,pomegranate
19,15,42,23.49084625,89.9505799,5.76004793,106.53928775,pomegranate
36,11,43,21.70546174,84.37825045,7.23787348,103.05087962,pomegranate
5,3,35,23.57982603,87.92075465,6.30865573,105.70041541,pomegranate
4,16,38,19.13140771,84.85402432,5.54871935,101.23271468,pomegranate
22,4,40,23.92398592,90.28947445,7.80757031,93.93387429,pomegranate
30,6,48,22.49087241,83.42169287,7.0050176,102.68083982,pomegranate
25,8,39,22.09181257,86.80260425,4.91378773,108.43480917,pomegranate
10,6,41,21.86978184,92.46802218,7.47207361,105.48668085,pomegranate
17,10,36,25.10850264,92.62422913,7.34458731,115.15877487,pomegranate
28,12,35,22.67207543,90.63188318,6.99076999,110.45317311,pomegranate
24,12,40,27.41292708,87.75283988,7.62392466,106.24485834,pomegranate
30,20,41,21.91066733,92.11068145,6.23801998,107.78035733,pomegranate
14,8,38,19.92454853,88.21629317,6.54283977,110.51522994,pomegranate
20,12,40,23.36269664,90.56194657,6.43005916,94.84503945,pomegranate
22,9,45,20.21683318,89.03197639,5.71013188,111.36038646,pomegranate
4,15,45,21.58944049,93.89847884,6.68059486,116.59544695,pomegranate
29,9,48,20.70645511,93.00753217,7.30954979,102.80103545,pomegranate
20,12,39,20.52024374,89.27434341,6.32863746,120.08317737,pomegranate
19,7,41,22.92512421,89.7682219,6.60108216,113.39078824,pomegranate
10,7,40,20.61094635,91.05343193,6.24519356,101.51306438,pomegranate
30,5,38,22.0902182,90.11125083,6.07189482,118.9173294,pomegranate
30,13,43,21.77030182,89.43887768,7.44857172,112.72815504,pomegranate
28,2,38,20.84493377,93.61422925,6.213409,109.71447271,pomegranate
23,6,43,22.03404855,87.23850796,6.33341773,118.57125592,pomegranate
17,8,38,21.55040178,93.33964675,5.48948852,109.0788766,pomegranate
6,9,36,21.97082372,93.34508887,8.18340433,107.5611757,pomegranate
25,4,41,27.33227765,94.60695774,6.28982956,102.72811545,pomegranate
21,11,44,24.44448241,87.75077178,6.65311043,104.30887164,pomegranate
13,1,36,25.3273344,87.05194208,6.30035025,119.62779559,pomegranate
36,5,39,23.04893605,91.85897468,7.2442032,101.92186481,pomegranate
22,16,40,22.21316766,85.49907333,4.9793905,114.51143127,pomegranate
26,11,40,26.62989755,88.64039506,7.69257011,109.2885399,pomegranate
0,13,41,21.91284186,91.8293389,6.9084455,111.0668445,pomegranate
20,16,41,26.79231698,93.29318343,6.19951255,120.98426414,pomegranate
15,8,39,20.12211033,90.81019143,7.01297933,101.02216165,pomegranate
42,29,35,16.50715342,89.97782611,7.10338594,106.54468995,pomegranate
19,13,39,24.79177638,87.2414813,5.79090899,108.8277742,pomegranate
30,5,43,19.59681004,89.7945374,6.05190752,105.71671581,pomegranate
17,19,41,16.77979208,86.06961104,5.8898702,112.60430176,pomegranate
19,12,40,23.24354874,85.99769307,7.19160158,113.15960798,pomegranate
8,12,39,20.87968563,90.51596625,6.13256945,110.07323608,pomegranate
26,8,36,22.51672675,93.28375295,6.98345186,86.3324957,pomegranate
11,10,40,19.93640462,90.9113816,7.74829512,114.48645123,pomegranate
22,13,43,22.13739612,97.7731865,5.94770216,103.36357046,pomegranate
32,10,42,22.75056914,88.127666,6.58468467,99.89417993,pomegranate
32,19,40,22.96969864,92.32369555,5.78068657,100.23816097,pomegranate
37,13,38,23.61681094,90.02790877,6.5078998,101.83039327,pomegranate
19,4,38,20.25040334,82.31727955,5.89309457,116.61325857,pomegranate
7,8,44,22.64657414,85.74506972,8.59410334,99.4771489,pomegranate
13,13,42,22.60094084,90.82721944,6.60994684,107.58890513,pomegranate
111,86,49,28.35310023,80.05696931,5.61197734,106.81283556,banana
107,85,50,28.49522553,77.97709432,6.99176138,110.10456304,banana
74,68,52,26.66617617,77.91265883,5.80210714,92.2334895,banana
106,83,48,25.44390134,80.03828744,6.1921887,104.78207105,banana
87,82,54,27.46348584,78.89284104,5.31753609,85.83722446,banana
79,61,45,28.53193165,77.03935412,6.21395684,111.65317912,banana
68,78,50,27.69458694,74.81805639,5.30262254,114.454318,banana
74,96,51,26.49937371,78.43591483,6.58596015,108.73224036,banana
106,69,52,27.4660698,79.39007441,6.17980686,101.08047629,banana
123,85,50,25.60091254,82.21696834,5.75535804,98.77802151,banana
73,54,47,27.42337068,70.32513131,5.66258157,88.61791225,banana
114,87,51,26.79182977,78.96180589,6.36686835,101.30829904,banana
101,77,50,28.41214619,81.55553496,5.54985384,95.45522847,banana
97,79,54,28.47678446,80.10520854,6.27116222,110.58380181,banana
89,67,52,27.51961219,75.98190027,5.90363332,102.52571346,banana
98,85,55,24.6007617,82.62974475,4.99513684,115.14968919,banana
87,90,49,25.77152471,81.61182804,5.64112942,101.36814167,banana
107,72,51,27.38373029,74.63403385,6.71770224,115.68650849,banana
88,81,54,26.51514078,80.81627523,6.4370635,99.55162039,banana
65,111,52,27.20518763,80.83591928,5.42746442,97.64102407,banana
97,70,50,27.3965077,76.15836027,6.16086621,113.67132762,banana
129,90,45,24.34160616,77.04792859,6.62927416,111.12737368,banana
124,81,54,24.61788801,88.0643367,5.85069182,109.65747219,banana
98,96,52,26.89436465,81.81823388,5.18133877,99.07751221,banana
106,78,55,25.3369108,80.94831935,6.29417873,101.49242408,banana
115,90,57,28.67245805,77.82776131,6.18810719,99.54009023,banana
132,85,48,27.69267519,86.56755823,6.24818494,81.70345705,banana
99,93,47,24.91457241,79.58208469,5.8646634,99.23817864,banana
103,97,50,25.17957545,81.17631049,5.92893811,102.7987437,banana
102,72,53,27.21644122,78.26849296,5.90274382,96.27053947,banana
89,73,51,28.21724061,79.61468234,6.56356677,97.73681824,banana
116,61,54,27.74949673,77.75743601,5.66718041,119.1676424,banana
127,81,47,24.95044193,80.38135327,5.69564194,105.97282514,banana
129,88,54,26.68680269,81.03650915,6.48745744,111.23967959,banana
86,90,47,28.22640511,81.63707103,5.78196326,116.51087451,banana
86,66,57,25.61492719,76.20923431,6.10716765,90.89685227,banana
89,76,48,25.91120872,83.13173299,6.30804696,96.54109385,banana
93,94,51,28.26870799,81.76813985,6.35757933,116.67524666,banana
85,88,48,27.76881766,79.35576001,6.19178752,92.71729451,banana
103,104,50,26.1490803,85.61270839,5.87692449,91.15857482,banana
109,73,53,29.08684925,81.18371267,6.16900701,93.8824616,banana
110,85,53,27.55635382,77.40773608,5.79972319,99.49727142,banana
88,98,45,27.5767265,77.37728187,5.99619393,109.32854552,banana
92,79,53,25.36223307,77.1670546,6.2406355,100.48685124,banana
111,83,53,26.08624768,86.39906531,5.23814049,91.31892074,banana
112,89,54,29.64636162,80.99142824,5.50898039,118.18018345,banana
88,80,48,26.70139262,79.64371333,6.73772167,101.92489188,banana
101,65,51,28.80925755,80.46930401,5.63936261,96.07140571,banana
85,71,53,27.37126928,81.43593099,6.09790352,106.62150964,banana
128,100,48,28.91256918,80.17590891,6.41776666,110.30622945,banana
103,73,49,27.23175487,78.32409263,6.00107085,90.00053882,banana
113,91,51,26.61867867,78.7485752,6.16837681,115.176251,banana
88,104,50,26.65876323,73.52225476,6.13051633,95.33316834,banana
73,84,48,26.3280652,78.45051075,5.63411353,93.92249355,banana
111,85,47,28.40110334,78.40618045,5.68905458,107.89558208,banana
114,87,48,24.52628809,77.21943691,5.73150568,98.01133704,banana
107,94,50,26.79541233,78.11798774,5.05598459,104.56377293,banana
99,70,52,27.28104636,80.78554986,6.20075615,98.86067669,banana
92,67,46,26.53241098,84.3869514,5.70862184,99.22937718,banana
82,98,54,26.38247399,78.81481816,5.63148087,96.7214286,banana
96,78,50,26.97811513,82.41459905,6.09088797,109.63426416,banana
98,82,50,26.16173752,82.29470167,6.3312304,118.2708547,banana
91,74,49,28.09443899,77.20132881,5.97833805,100.97074972,banana
106,108,50,26.31022842,79.3035163,5.41238802,115.59170629,banana
99,73,49,29.62283082,75.83535999,5.70724282,111.62066868,banana
104,69,54,29.55031363,79.29213545,6.1424418,113.48641634,banana
124,74,50,25.8756688,79.41461467,5.90982706,111.63406332,banana
82,73,47,26.16825938,78.20813781,6.27562273,96.08376492,banana
91,70,50,29.59939164,77.44127359,5.94901801,93.50214704,banana
108,68,49,27.43926564,77.65319923,6.13660976,91.83098976,banana
128,75,50,28.56756381,79.76556499,6.2378354,110.24322878,banana
114,89,51,27.61923946,80.83268135,6.16303882,107.80290067,banana
101,92,52,29.16059258,80.6292273,5.45461822,103.15460093,banana
103,62,48,24.00496193,78.14877544,6.47892589,94.51106895,banana
100,86,53,26.14685679,80.58018645,6.06364462,102.94884716,banana
110,72,50,25.63285266,80.28966424,5.63698532,114.2173067,banana
80,92,50,29.25891619,80.72890903,5.99199941,116.20896647,banana
106,88,49,25.85362778,80.26928263,6.36766727,103.59694396,banana
104,88,56,28.13695157,84.78104699,5.67255985,91.19244183,banana
77,89,51,27.57184395,82.99732745,6.17211015,92.21739921,banana
93,86,49,27.97879526,83.19613931,6.4407037,95.05455124,banana
100,90,54,26.27166433,79.8839352,5.95832498,98.917758,banana
113,85,49,27.35134454,81.03343243,6.43271347,95.63075497,banana
130,66,47,28.12737478,79.86308927,6.3337677,103.18623581,banana
107,59,48,28.98698351,84.86916272,6.5450591,102.10998028,banana
106,88,48,25.41356941,84.11167556,5.34358348,117.10197967,banana
97,76,50,26.12711758,87.30359801,5.90399314,101.00994437,banana
105,73,51,29.59372984,80.51180203,5.41859501,97.22562991,banana
117,95,51,26.63040841,81.86763921,5.91556807,87.55432857,banana
102,82,51,28.11102155,83.66086257,5.69746703,102.62158916,banana
106,96,49,25.24258183,79.72867956,6.75342451,94.71279553,banana
91,79,49,26.26383444,78.96657424,6.47631673,94.28456977,banana
108,72,49,23.67795562,83.5167114,5.92956492,109.36083273,banana
90,96,51,25.92527791,79.18537868,6.05320263,103.45597635,banana
119,82,54,28.72785516,83.1538606,5.51859535,104.13712534,banana
95,58,47,30.83776775,78.85987767,5.42888513,104.20238309,banana
98,79,48,25.85862978,77.63480982,6.67133154,99.57908834,banana
109,75,52,26.41329712,79.27535248,6.32805346,109.98419846,banana
102,80,50,27.50669531,79.82993256,6.48147475,114.07470781,banana
109,102,48,26.76716882,79.35646857,5.85277314,88.08982365,banana
22,24,27,32.01536885,54.79993672,4.98159951,89.05284516,mango
8,24,32,29.76677057,45.44460947,6.04447061,104.29651972,mango
29,27,33,30.885957,55.16691738,4.40576831,88.91887026,mango
5,29,38,31.15179876,49.76768416,7.09075746,100.26937603,mango
25,16,24,29.46158271,48.96980581,4.54958885,93.52211766,mango
21,30,25,31.94375802,58.8139629,7.75769734,99.6224621,mango
16,30,24,30.6455579,53.15166324,6.01857125,97.28488709,mango
52,35,30,28.76496214,48.43315847,5.46821514,98.06853541,mango
12,23,30,29.63858764,46.76519385,5.79513428,101.08544942,mango
0,27,32,31.42114813,44.36496181,4.50063332,99.83793456,mango
35,18,22,29.61670403,49.84013788,5.3037081,98.85689945,mango
4,27,31,27.15221285,50.43557028,4.92478367,88.58480394,mango
42,18,36,36.46357211,54.59490498,5.46952953,103.56141243,mango
20,19,30,28.03222187,42.91708506,5.69071209,101.34183359,mango
35,23,27,29.86291348,41.19822425,5.33059727,102.80869842,mango
12,36,32,34.58645334,42.10646419,6.45482845,89.1713401,mango
6,37,39,30.40130995,39.9890499,4.41650109,92.22889171,mango
45,32,34,30.77368551,43.45381797,4.92641902,86.78451834,mango
17,33,26,33.34832332,59.8450905,6.07255591,99.71174872,mango
35,22,34,32.74804989,55.50671207,5.28528798,90.25562051,mango
35,15,36,28.7655795,51.58715144,5.12399304,106.95150112,mango
3,26,33,29.49035158,54.03668768,5.83171813,93.69355906,mango
25,33,36,32.4392758,55.55689354,6.2597738,98.13334365,mango
21,31,31,30.72926647,44.50924211,6.6770691,94.3890667,mango
25,37,36,37.36926532,53.35495088,6.34310522,92.07550533,mango
34,36,33,35.23909413,50.04402245,8.03417468,99.4769914,mango
0,26,26,28.91538896,31.3814243,4.94915712,93.95814881,mango
25,34,28,29.12812005,53.18243876,4.31837113,88.4719725,mango
10,24,21,32.372538,59.24774283,4.77071108,101.13022167,mango
3,25,26,27.69606162,50.57268612,5.80147999,84.11718592,mango
21,31,32,31.20234371,51.30425794,4.48343818,90.59397935,mango
37,33,39,38.00054237,42.27835816,4.51566626,77.82080052,mango
23,32,29,35.04444568,53.79038046,4.61306693,103.33532221,mango
33,29,24,30.01044057,56.13037444,5.58979212,91.27108751,mango
15,28,31,28.35271202,45.16591137,6.98456754,85.68591893,mango
11,28,31,32.2039742,49.25665492,5.0978383,98.86041826,mango
28,28,30,30.76763964,36.99862598,6.51880681,96.4667934,mango
11,23,32,30.22347842,41.40145396,8.34476677,94.77793628,mango
15,31,35,35.08545691,57.8712333,5.52798826,94.96706444,mango
11,25,24,33.3671851,51.73089087,6.40997945,92.51377309,mango
41,22,32,28.22769494,46.65275934,6.07681895,93.73182205,mango
23,32,32,32.90709198,48.04776492,4.7312289,86.43416658,mango
17,37,34,30.48820362,38.34213619,4.47751148,103.33488258,mango
13,19,28,33.42233285,52.36436053,5.83093087,100.38879112,mango
33,24,30,38.55779905,54.80905725,7.41114959,91.77125112,mango
31,25,35,26.55026027,53.29182843,5.15630669,99.38310584,mango
24,38,30,30.77246824,51.64180919,3.72653578,87.8081258,mango
21,31,29,32.83371672,45.22363711,5.89748531,101.8549897,mango
18,27,37,35.44439739,45.88108315,6.61832572,92.13758681,mango
20,28,20,30.33400234,58.1328764,5.37329811,99.28077657,mango
19,42,36,33.95020175,51.90405479,6.53027383,99.57639244,mango
35,31,18,29.77084638,55.2833104,5.51998563,102.47002972,mango
12,30,35,33.04093487,54.50223344,5.53338218,98.61800118,mango
3,22,25,34.17700961,57.27446259,7.43956257,85.46593267,mango
7,31,29,27.89903546,53.44571267,5.37421236,96.36490092,mango
32,24,33,26.32554829,49.28009111,5.52534012,103.68707132,mango
21,29,22,29.92189377,52.42859908,5.88572228,81.19753417,mango
39,28,20,34.04776371,47.33891793,5.42377039,86.28142141,mango
19,20,28,32.78608747,42.20492004,5.26091231,92.47732138,mango
16,26,30,34.26238943,52.42392634,6.87709556,101.26417205,mango
5,21,35,38.31057983,46.59655934,6.14731653,96.32099957,mango
7,23,36,35.25392399,48.75459581,6.06105539,102.18358293,mango
0,29,28,26.57400562,50.49156353,5.66351977,94.85545849,mango
8,26,34,33.01435129,47.13680678,3.18859785,90.95091422,mango
16,16,28,28.36302763,57.687517,6.20971201,101.08897697,mango
18,28,40,35.2008257,51.55975402,5.90973197,96.79612034,mango
26,30,46,32.12106038,43.45671915,5.51877477,104.31010827,mango
2,20,33,32.27739628,45.84460092,4.64120838,93.37656125,mango
23,28,34,33.58864666,46.53403511,8.10206007,94.85369989,mango
32,27,28,33.69622046,52.14795954,4.9797057,103.07367372,mango
28,14,31,33.5838274,53.48526989,6.60244835,93.03460045,mango
2,23,31,33.48962289,60.07407469,5.55993593,89.80550167,mango
28,25,29,29.47588705,47.3150438,5.84897861,90.06973924,mango
33,20,41,31.28242922,52.47103564,5.04724991,101.8532693,mango
11,23,28,32.88082714,53.97355925,6.5970442,94.99119864,mango
22,21,26,36.14370605,40.38376204,5.61681784,88.00214381,mango
3,27,32,34.11357274,60.52011796,6.86903959,100.37893174,mango
14,27,35,34.83327163,44.21829761,7.87603343,95.89024087,mango
3,27,37,34.76012287,49.24880335,7.36366867,87.44540896,mango
22,28,24,32.29426833,46.82293141,4.81402274,102.60045495,mango
36,16,29,33.90321448,44.92904212,5.55985111,98.5618605,mango
35,26,30,28.63360723,53.80122245,7.67576403,89.6742207,mango
26,25,34,28.62945908,50.65402394,8.68328356,79.97486048,mango
14,40,29,33.20883422,45.9857834,6.73314303,99.40080672,mango
32,24,25,29.36297257,46.67718442,6.20467335,95.41630224,mango
41,27,25,33.23758571,43.20407741,5.58943104,91.40605972,mango
0,30,19,25.72989817,49.02999407,6.06457724,92.29349058,mango
13,19,30,28.34987568,48.02555138,6.0606003,83.09774815,mango
14,27,28,31.83538776,52.51336742,6.48172623,91.19869499,mango
23,34,24,31.39229175,47.9899241,6.14256985,104.66716361,mango
23,22,32,27.97538959,47.84426933,5.15710685,75.45579414,mango
26,33,32,32.34513907,54.26748151,3.37336558,107.5343095,mango
47,19,30,25.13343836,49.75266529,5.37471479,101.82310036,mango
29,30,33,28.80640821,52.332792,7.40820593,84.9200434,mango
15,20,37,32.85047196,44.50332524,6.07135696,101.95608626,mango
33,38,36,36.74864649,58.27436206,7.26621757,94.75479116,mango
15,27,32,34.71607403,43.43514247,6.45996819,102.36000186,mango
1,22,33,32.56149907,38.32201065,6.43261256,85.58938131,mango
22,26,31,36.59385264,46.98341498,6.44795515,89.7173385,mango
9,20,29,33.45878774,52.49992839,4.919163,95.82155051,mango
22,129,205,22.13869625,78.47030995,5.97036162,71.4112119,grapes
22,141,193,22.79013252,82.76460404,5.97385654,66.45098139,grapes
28,143,200,43.01701044,79.75086717,5.51792742,72.96422564,grapes
36,120,208,30.6961476,81.88562102,6.13261431,71.39587281,grapes
28,138,196,33.73785487,81.96042121,5.83628996,72.88967002,grapes
23,140,203,28.52694233,82.43779181,5.85835006,69.09458935,grapes
19,124,208,30.97621522,83.46564358,6.13634885,69.72054761,grapes
10,118,198,21.67981979,83.02389946,5.99141759,72.5301131,grapes
30,132,200,21.33360378,84.08988461,6.00072177,75.90895363,grapes
27,135,202,24.94904746,84.35341524,6.12677064,77.81795887,grapes
28,130,196,21.2840771,84.31237019,6.14018288,66.13344991,grapes
29,142,197,16.54246419,81.56921869,6.09741991,65.76857118,grapes
18,134,200,35.86139035,80.60707178,6.6062706,73.82433083,grapes
12,127,207,33.54844886,82.18307594,6.30567786,69.65375883,grapes
32,130,201,27.74574883,82.43104156,6.48398149,71.10866875,grapes
34,136,200,30.94313028,84.8909649,6.42405935,72.88666172,grapes
23,127,196,22.36575151,80.53326062,6.52678622,66.09288534,grapes
20,131,210,25.72177216,82.79930081,5.86066057,67.64669347,grapes
43,137,208,20.52277765,78.46475334,5.6673873,71.19107428,grapes
21,125,198,42.73621783,83.66867179,6.30611662,67.64060888,grapes
33,127,196,36.41061925,81.03720331,6.53371806,69.67284473,grapes
20,132,198,38.66596513,83.50341059,5.97254308,67.22057513,grapes
13,135,196,18.29278268,80.94334678,5.82387894,67.48325661,grapes
23,134,200,26.02558396,81.12022482,5.85173661,70.05076676,grapes
31,129,211,22.1174043,83.36227333,5.94647612,76.59007827,grapes
33,128,206,27.51697768,83.80038517,6.24056776,62.60591446,grapes
21,118,197,9.358409,79.84338879,6.03494365,71.60214682,grapes
30,127,202,32.87221996,82.49180632,6.23973804,63.80008221,grapes
16,128,198,18.06750808,80.62249338,6.12047298,75.08991903,grapes
29,133,196,16.23147891,82.45885597,6.12859536,69.06060207,grapes
33,145,205,26.41030499,79.93653897,5.39213045,72.63447682,grapes
22,153,193,29.47911081,80.42653257,5.95276894,70.44591515,grapes
27,131,199,35.75600338,83.53267971,6.42444018,71.11778305,grapes
22,127,209,31.60040644,80.85111613,5.68650271,67.66506018,grapes
38,143,199,27.81332315,82.60985368,6.04101373,66.11056138,grapes
28,137,187,55.57756184,83.698712,5.94064089,67.84456711,grapes
27,134,207,8.02892881,80.80317658,6.00796821,67.81039725,grapes
28,136,199,12.06960242,81.33829112,5.81316703,69.14468859,grapes
29,127,189,17.93303631,83.12118544,6.02406481,69.58949658,grapes
31,124,206,22.54929581,81.08418672,5.91191628,67.65010825,grapes
17,137,194,27.73065084,79.91394313,6.0049332,74.82997118,grapes
27,145,199,34.43108923,80.7405955,6.11170598,62.53126145,grapes
24,138,198,37.59177883,80.5160934,6.57840077,73.33911589,grapes
7,131,207,9.82390968,79.60114332,6.06623853,74.16228749,grapes
20,147,203,36.11590879,83.38087264,5.95497793,69.41665825,grapes
20,149,198,20.95278819,81.0037996,6.01231218,69.6960809,grapes
20,125,192,16.97553326,83.3560793,5.87267492,68.96194395,grapes
24,138,200,41.44376393,82.06671991,5.48895994,71.91493107,grapes
32,119,195,30.78640947,81.84624845,6.16130015,69.9591023,grapes
21,135,199,28.99520065,81.92612658,5.96561066,77.23923621,grapes
24,123,204,33.84985027,83.75503645,5.88534639,66.82172469,grapes
23,135,203,27.47516839,82.83678298,5.74409828,67.25791193,grapes
13,123,199,24.80286541,81.64237299,5.8342082,69.08674528,grapes
25,139,199,39.51563567,79.76191623,6.28481215,70.35615927,grapes
36,142,201,46.77103612,83.40526978,5.89457565,68.34295722,grapes
33,129,210,27.03990007,83.90081123,6.18925845,73.94516881,grapes
28,132,189,21.99813282,83.49933261,5.77043801,72.76283933,grapes
11,129,191,30.57364826,83.34429976,6.28251067,71.4672841,grapes
29,131,195,25.87027684,83.66601375,6.12296145,65.24292763,grapes
26,150,203,17.5504307,82.7788058,5.9141768,73.80027647,grapes
27,132,193,21.26783167,81.29796282,6.05805406,70.25659769,grapes
36,143,208,12.4685719,82.97113942,6.36549617,74.19708197,grapes
25,150,200,25.01033323,82.82535816,5.96511285,71.09807806,grapes
27,138,197,17.64220948,81.81280321,5.61749469,71.22070232,grapes
14,134,201,30.67232141,85.00184208,5.76686106,68.26468949,grapes
19,133,208,13.06032247,80.8003014,5.81165927,68.76753653,grapes
33,125,198,27.40435322,81.88689126,6.14607913,70.42548376,grapes
15,133,199,20.75585625,81.31861487,5.768487,73.56502661,grapes
15,137,203,26.42011414,81.41272519,5.94287054,69.02334053,grapes
25,134,190,30.02698,82.37247526,5.36418212,69.64987219,grapes
26,130,194,27.53623831,83.31964709,5.79945196,65.06880157,grapes
26,139,197,13.05440765,81.21649949,5.82260917,63.84613163,grapes
16,141,200,17.28821693,82.82788694,5.86845991,67.48742351,grapes
32,133,192,15.88145218,80.4188578,6.01093553,68.47497666,grapes
22,143,209,19.8550251,81.74402953,5.74894027,71.8996192,grapes
9,129,199,5.78701839,82.348056,6.1518014,75.57967784,grapes
25,128,206,19.99248418,79.15944888,5.93278305,71.44082004,grapes
24,142,206,30.60116373,83.02815895,5.68769306,74.11953125,grapes
27,127,203,15.682458,83.36973329,6.01938838,71.20163145,grapes
22,132,208,29.84505531,82.57754971,6.38900953,68.10040941,grapes
17,135,199,28.31400198,82.73182303,5.68207318,66.7306944,grapes
32,139,203,40.61831799,80.37637497,5.95308649,67.44145926,grapes
39,151,202,26.28328234,82.44225904,6.00001866,70.44898941,grapes
21,141,199,35.60449638,82.30902437,5.9734413,70.47466146,grapes
35,134,196,9.47060533,80.97401604,5.77453466,72.80685316,grapes
25,118,201,30.36264891,84.36939125,5.79936264,68.36364053,grapes
23,146,193,21.20532532,80.08803134,6.04592039,73.14469875,grapes
23,123,196,38.74586107,81.43779168,6.56777046,65.77693474,grapes
25,137,208,21.97487465,81.40954256,5.84326153,74.40935157,grapes
23,143,204,24.77576607,83.71800915,5.50532813,69.74477586,grapes
30,132,203,21.98636364,82.22016093,6.23844071,69.86409762,grapes
28,136,203,38.95016247,79.47383274,6.4541514,75.5512506,grapes
29,139,204,13.75651335,83.24840207,6.55757598,69.92011974,grapes
33,145,200,25.29751612,83.10042305,5.74723861,70.33029279,grapes
28,138,208,21.10589563,80.42962764,6.53050422,70.40956535,grapes
22,114,194,31.82414156,82.52149958,5.67774392,71.64362071,grapes
26,138,195,8.05742163,81.09835279,6.22783896,68.97398964,grapes
30,123,199,11.2152964,81.63083997,6.44453642,69.03774173,grapes
24,128,201,14.62338491,83.2612666,5.79049791,68.84089933,grapes
23,129,203,31.20076566,80.83980131,5.7570609,69.89209134,grapes
94,14,47,25.5093218,85.81050117,6.23425405,54.943614,watermelon
99,14,48,25.73772207,87.45876238,6.29463257,50.63289639,watermelon
94,10,49,24.3758964,87.27372533,6.64376839,50.75114641,watermelon
112,14,48,26.53787823,85.49864918,6.42590038,59.23260572,watermelon
108,20,53,25.95137436,86.66467175,6.28050864,59.05176941,watermelon
89,17,54,24.1877349,82.43783869,6.75822639,50.38777407,watermelon
82,10,46,26.90169395,83.1568002,6.40199791,41.92682911,watermelon
89,21,53,24.97135129,87.17749658,6.46707812,55.73568991,watermelon
98,15,49,26.33798833,79.31256483,6.20783197,53.34964038,watermelon
116,12,50,26.59015563,85.34607614,5.9758111,52.21708859,watermelon
101,19,51,25.63809769,82.71952146,6.24519885,49.47509228,watermelon
86,13,51,25.58439051,90.57453285,6.64492447,59.54583642,watermelon
89,20,47,23.96650805,81.63374166,6.42969335,45.04540446,watermelon
108,19,54,27.22920212,83.55031622,6.94596898,48.6972524,watermelon
120,15,53,26.98462532,85.6249951,6.49240608,48.77156036,watermelon
86,21,52,24.3595679,83.17659763,7.13644237,49.60258881,watermelon
91,21,51,22.91079141,86.14603762,6.4130806,57.08358821,watermelon
97,10,48,26.46505108,84.49822797,6.43378647,55.30093785,watermelon
101,19,51,24.20147575,85.90863675,6.77223613,55.70155115,watermelon
89,17,51,26.40079126,79.97314525,5.83711331,50.19074255,watermelon
87,22,51,24.89455367,85.42414172,6.45819965,53.90036975,watermelon
105,12,51,24.7303001,80.18706158,6.32083245,49.74841585,watermelon
94,11,49,25.06555251,86.80646631,6.5766562,43.47191214,watermelon
101,14,51,23.22862291,86.65944886,6.35708377,49.45147384,watermelon
97,14,49,25.11785361,81.42946098,6.54948518,47.01383496,watermelon
106,13,55,26.85616238,80.94616749,6.27395754,49.33837577,watermelon
98,13,52,24.32307989,85.72837543,6.50765472,55.62805513,watermelon
104,10,47,26.39636143,84.50163827,6.78663353,48.20322092,watermelon
107,25,53,25.51304926,87.18342563,6.7236163,50.74471396,watermelon
99,22,54,26.82429436,89.25539637,6.27287569,42.84020361,watermelon
112,26,53,24.9127211,81.91264806,6.66018835,46.03792445,watermelon
94,14,53,24.71714436,86.35831184,6.11232806,52.40124097,watermelon
95,13,48,24.34131705,87.46536827,6.86034068,48.72713088,watermelon
88,24,49,27.1755716,86.26126177,7.09127994,55.87634585,watermelon
99,22,47,26.49947167,86.50298671,6.8592709,54.8871525,watermelon
87,19,52,25.90921341,88.4378485,6.61737805,46.12382647,watermelon
113,25,51,25.55726716,80.70086204,7.01580953,55.18170944,watermelon
105,12,48,25.69332664,89.01545711,6.74254092,55.37702034,watermelon
99,16,48,25.45098798,86.66780043,6.62596515,59.93301536,watermelon
85,13,46,26.12171306,88.55013965,6.13344859,54.97829977,watermelon
89,18,46,26.01434005,82.06700782,6.25024288,51.87746024,watermelon
100,14,44,24.16283222,83.29667662,6.51764451,55.0405143,watermelon
98,11,51,25.97798096,88.69815726,6.29637114,46.66101373,watermelon
108,16,51,25.2372135,87.56972996,6.39580284,47.13526764,watermelon
103,18,51,27.71595094,78.42334429,6.56430246,48.67398196,watermelon
106,14,56,26.83557175,87.5318569,6.74954622,50.15048476,watermelon
98,14,55,24.42768029,82.17600473,6.10186166,45.2822459,watermelon
113,19,47,25.27506562,82.92272335,6.52927467,51.54961587,watermelon
98,15,52,26.40607757,87.29508844,6.7964817,59.01832904,watermelon
91,21,53,26.70357005,89.85778468,5.99719277,44.00499983,watermelon
98,13,48,28.05873142,84.24504088,6.583436,51.21268143,watermelon
97,20,52,26.01665308,86.01674607,6.52569131,39.24396498,watermelon
102,23,49,25.91200322,83.13666042,6.83308901,41.95144443,watermelon
89,21,44,24.83215794,80.31180998,6.74846582,52.00065389,watermelon
120,14,53,25.81911691,85.99333727,6.57415332,48.33461004,watermelon
99,13,50,25.46695331,87.78351571,6.09788516,45.9730534,watermelon
89,22,54,23.58957131,80.33937815,6.80085709,57.8489817,watermelon
92,23,53,27.22470936,89.32182211,6.49725499,65.54189308,watermelon
104,13,50,25.2422536,87.40015201,6.23636067,51.74843193,watermelon
103,10,52,27.67242836,81.21149881,6.60626264,46.07345152,watermelon
86,17,50,25.88003141,83.68142411,6.77604396,45.69092644,watermelon
79,16,50,24.41391688,82.3867009,6.95703616,54.3791989,watermelon
111,13,51,25.49358825,81.97529352,6.41087765,43.67882906,watermelon
98,17,48,25.88598169,82.90016399,6.33792178,49.49328635,watermelon
122,23,48,22.91816026,87.06446541,6.50938876,52.15680793,watermelon
100,10,53,24.7658991,84.11288773,7.14919507,48.46712889,watermelon
96,9,53,26.55256109,86.16402967,6.13906664,57.47147105,watermelon
113,18,50,26.09513016,89.32762153,6.80502029,50.69111904,watermelon
121,15,52,27.85568984,87.58783966,6.30654701,51.18507398,watermelon
62,13,50,24.97471532,82.00917023,6.51243939,51.71544088,watermelon
91,21,50,27.49323297,86.17075439,6.29053213,53.68184764,watermelon
93,8,49,26.78291873,88.6241845,6.78402563,51.34616445,watermelon
88,17,49,25.34489946,83.39187154,6.92170749,49.90546732,watermelon
84,17,53,25.85959645,87.04088823,6.09192529,47.14006258,watermelon
103,28,51,26.68498399,83.54450406,6.23863699,49.64568995,watermelon
88,19,51,25.5739513,82.64624729,6.45511033,45.24974587,watermelon
98,15,53,26.14611645,85.08857676,6.65010133,52.41082874,watermelon
105,19,52,26.60325654,89.27570022,6.63423677,48.41944283,watermelon
99,17,51,24.35136799,86.68765559,6.28373349,46.57098147,watermelon
103,23,54,25.7010269,86.85186197,6.61135578,48.28566147,watermelon
78,23,47,27.28072837,88.4433202,6.43166022,52.29679923,watermelon
82,15,50,25.82926358,80.74068686,6.6982023,45.84807238,watermelon
114,17,48,24.49829794,84.67660259,6.73151614,56.94879608,watermelon
119,20,50,27.22200176,81.09319789,6.45885715,59.99836896,watermelon
98,11,50,25.49559395,90.06770499,6.67798271,61.81308779,watermelon
87,9,56,25.14839113,85.51945859,6.4721131,48.74252188,watermelon
104,13,51,26.07228718,85.14115884,6.644073,45.68524492,watermelon
98,10,47,25.62470507,80.21043543,7.0401518,55.2446064,watermelon
91,16,48,25.87499515,88.85825405,6.03823681,43.26112009,watermelon
105,3,49,26.23679672,84.81000934,6.87658933,56.10902504,watermelon
94,14,52,24.66402706,82.33949359,6.81234681,50.54278576,watermelon
87,21,52,24.712897,87.73792198,7.11646788,56.73331635,watermelon
85,18,50,24.84729133,87.46149762,6.18661989,46.5508263,watermelon
105,19,51,24.42150166,86.16482992,6.66531961,53.44467265,watermelon
101,6,49,23.75159907,91.12461635,6.56374737,50.62914642,watermelon
98,0,46,26.01884928,88.6018524,6.71865108,49.62142467,watermelon
91,15,52,25.46602043,84.9751097,6.51764444,38.43837254,watermelon
91,27,55,26.09587744,80.31255079,6.59204148,51.9184855,watermelon
96,19,51,27.84288356,87.61770604,6.75043089,50.18990507,watermelon
90,19,44,23.73386883,84.18861478,6.64746328,52.68891853,watermelon
103,20,54,28.57527184,93.36731884,6.03667658,23.78012687,muskmelon
111,22,53,29.19969383,92.61439562,6.73945673,22.03295361,muskmelon
100,34,47,28.94494214,93.29120261,6.93283856,25.96520059,muskmelon
118,18,54,28.3906425,90.1437325,7.71868377,24.39326564,muskmelon
92,28,50,27.66244302,91.5479581,6.93641184,18.07230934,muskmelon
111,28,46,29.07665088,92.36147545,6.45158224,24.04389992,muskmelon
103,13,53,28.93005514,93.14352742,6.08059039,21.50679701,muskmelon
95,27,46,28.81739888,91.8143788,5.41238266,25.97462393,muskmelon
95,25,46,28.04039274,92.86644701,5.78402632,29.32604148,muskmelon
88,10,54,27.76514493,92.35408388,6.2988979,23.52640317,muskmelon
120,21,49,29.48165563,90.4128062,7.08783918,27.88546731,muskmelon
116,12,47,28.73653808,92.7175305,6.04845971,26.01125386,muskmelon
123,22,47,27.26097722,91.70237058,6.75474956,25.3343576,muskmelon
100,11,49,28.50619198,91.09482195,6.15618792,21.7676405,muskmelon
123,21,51,29.24033727,92.46658882,6.42509967,23.91202258,muskmelon
69,29,46,28.99511218,92.42741617,6.96185843,23.01390958,muskmelon
97,29,49,28.93039127,91.78692849,5.58836591,23.38586098,muskmelon
97,7,52,28.49085723,93.39168377,6.41436652,23.86359933,muskmelon
113,19,55,27.6751039,94.49043987,6.16974874,30.01141769,muskmelon
106,11,51,29.83536258,92.38651794,6.22010421,25.62423333,muskmelon
91,26,48,28.91903895,91.88789535,6.68149658,22.18353904,muskmelon
111,19,50,28.68516294,91.4897847,6.61352777,24.95047346,muskmelon
77,20,53,27.50439995,93.43508002,6.04056,22.97259567,muskmelon
109,14,55,28.3888506,91.7561518,7.07381275,22.1082994,muskmelon
96,18,50,26.97933259,92.26302332,6.37885356,24.93660137,muskmelon
107,5,56,28.77438014,94.18445589,5.96532747,20.64706385,muskmelon
85,9,49,28.93065899,93.98775924,6.88962965,28.29965276,muskmelon
88,22,52,29.31334743,92.79522305,7.16915982,23.85237161,muskmelon
114,7,53,28.44196799,91.40009088,6.27459124,27.11031236,muskmelon
132,20,52,27.43896473,90.77269834,6.79791102,23.15294403,muskmelon
106,12,49,29.97183477,93.35170911,5.74280218,22.90209107,muskmelon
116,24,52,28.46084005,93.22956974,6.37367738,26.03390404,muskmelon
88,25,45,26.90719857,91.83170489,6.45121986,20.8201435,muskmelon
82,20,56,27.49006422,92.14337665,5.78245188,21.8441322,muskmelon
107,12,53,29.20677867,92.00729441,6.32158563,22.05265359,muskmelon
90,21,59,27.92998757,94.92280331,6.64531774,21.7511231,muskmelon
104,28,47,29.14463033,91.9271024,6.15047733,27.2165225,muskmelon
106,17,57,29.52206249,93.76927677,5.81002304,20.34782223,muskmelon
95,20,48,28.20705392,90.95706366,6.02066714,23.27711301,muskmelon
116,18,49,28.06485893,92.86940986,4.92345229,21.52741998,muskmelon
92,9,52,30.14502522,92.5459631,7.01672408,31.77584114,muskmelon
104,15,50,28.71244743,90.39145807,6.17920335,20.30037574,muskmelon
84,16,52,29.49210432,92.47284478,7.02923578,24.77926916,muskmelon
105,9,51,26.9646937,91.28033292,6.1832006,27.60517431,muskmelon
130,16,51,26.83895974,91.14702071,6.62986035,23.01030677,muskmelon
119,11,50,28.65602047,92.65735998,6.99201527,22.78777421,muskmelon
97,18,50,29.09771799,90.54582673,6.30901286,29.98430853,muskmelon
96,17,49,30.67138306,93.82434279,6.91640587,21.2240197,muskmelon
104,10,49,27.47453742,92.86866802,5.94597229,24.87541111,muskmelon
98,12,52,28.23236367,91.91916899,6.02752553,29.17394313,muskmelon
88,27,57,28.44920832,90.59524346,6.76902205,21.05677053,muskmelon
100,18,43,29.44778366,91.31448011,6.96198428,24.46282441,muskmelon
116,14,52,27.86990329,91.4961412,6.44850029,20.19780327,muskmelon
117,20,48,28.44164064,91.65195196,6.64398643,24.17946644,muskmelon
106,27,47,29.63345173,92.93578006,6.30888398,22.87006994,muskmelon
105,19,51,29.44640032,91.55407784,6.44377532,23.11931546,muskmelon
109,25,55,29.96477777,92.88116051,5.75889522,23.97491443,muskmelon
90,11,45,28.98557703,91.93675519,5.98711129,18.37168463,muskmelon
86,17,53,28.54026759,92.06842354,6.23716552,21.33100857,muskmelon
91,15,49,31.01142402,93.02020204,6.48394114,28.09795283,muskmelon
94,23,46,28.07264523,90.15632401,5.88518028,24.9515324,muskmelon
108,10,55,29.63998526,90.80107365,6.00549076,25.26374629,muskmelon
84,30,53,28.88014763,92.64663346,5.80547662,18.58687167,muskmelon
118,17,49,28.64045049,89.58809217,6.54021595,26.16131395,muskmelon
116,23,51,29.26936972,90.84501166,6.35955281,27.88435233,muskmelon
111,11,48,26.31676452,93.02291268,6.57516911,24.93058363,muskmelon
112,8,50,29.21154368,91.07591683,6.30358361,25.39965635,muskmelon
88,20,54,27.83990693,91.27236786,6.01792572,18.96401534,muskmelon
85,8,52,28.3927935,91.77705516,6.67981812,24.41013491,muskmelon
95,16,50,28.89896426,91.67345981,6.066254,27.73344045,muskmelon
101,26,53,29.55573834,90.65806943,5.80994003,24.65325277,muskmelon
94,23,49,27.88914297,91.08680356,6.14435243,26.62525065,muskmelon
95,14,54,28.52504932,91.87405171,6.07767364,22.77616854,muskmelon
111,1,55,29.55467776,91.37194674,6.17460786,25.51316085,muskmelon
107,21,44,28.14912802,91.54517004,6.31928267,26.31238183,muskmelon
110,21,52,28.47571906,91.60046806,5.86730033,20.6052214,muskmelon
110,11,51,28.44457426,91.23919011,6.25332391,19.28495097,muskmelon
91,6,54,30.3728657,90.32640602,5.99211378,24.20944074,muskmelon
95,7,49,27.92726242,92.94357936,6.37036996,24.3675097,muskmelon
97,15,52,29.22301998,91.44658547,6.37503787,24.82859786,muskmelon
102,21,42,28.68828637,92.60421035,6.6736188,20.41241664,muskmelon
103,24,50,27.37460383,92.67604312,7.11743881,27.86635054,muskmelon
127,15,48,29.34520471,92.92430427,6.72497346,21.6916336,muskmelon
97,12,53,27.83387303,93.1420111,6.93427179,22.66217715,muskmelon
99,21,50,29.45165657,91.62270191,6.17035464,20.64804299,muskmelon
109,14,47,27.65181622,92.6494808,6.35936846,22.11838676,muskmelon
107,23,51,27.62752996,91.33898666,6.71028543,26.16021952,muskmelon
99,16,48,27.70697185,92.54395627,6.04356556,26.4418016,muskmelon
81,27,57,29.44728829,92.80588076,6.6943793,23.02969997,muskmelon
97,16,47,26.06023208,90.97348746,6.53044326,25.4584304,muskmelon
105,25,49,29.56753425,94.0346759,6.42687128,25.49792003,muskmelon
110,20,50,29.33329636,93.11185609,6.12290278,23.99460262,muskmelon
103,12,49,27.59544907,92.58907659,6.51961906,22.70628625,muskmelon
112,24,54,28.792445,93.2379467,7.21208998,20.63384291,muskmelon
103,10,45,28.45812668,92.01711203,5.46510845,21.85889648,muskmelon
97,18,50,29.11069112,94.21190925,5.54343957,22.478761,muskmelon
79,13,57,27.08580219,92.49680657,5.14274539,19.94631845,muskmelon
82,17,52,28.29932631,92.11599268,6.41906341,21.87961557,muskmelon
91,14,52,29.87690815,90.1883281,7.22003062,27.49247903,muskmelon
128,17,51,28.46926721,91.17222598,6.24646895,24.27356608,muskmelon
19,146,195,21.12636825,92.83330805,5.81119497,102.22649043,apple
24,129,204,22.98261361,94.02591167,5.87108582,96.95455644,apple
17,138,190,22.43509389,92.60149307,6.04961289,107.60643854,apple
31,148,197,21.40758613,91.78957881,5.93232109,127.59414152,apple
39,134,196,24.53453409,90.38354983,6.53717365,126.44135365,apple
28,133,194,23.88565871,92.77235416,5.92530122,120.11266184,apple
11,143,204,20.99352331,93.07324345,6.17824441,105.76928493,apple
24,132,195,21.41049276,92.937205,6.13391914,118.56769028,apple
8,131,205,22.18689725,92.21086292,6.07361779,110.50308174,apple
0,126,198,25.41564193,91.53037404,6.22347129,116.78372028,apple
26,137,204,24.1157157,90.62152045,5.73750549,109.81296732,apple
0,147,202,24.33465127,90.23804828,5.47385195,130.86377685,apple
29,140,191,24.41868484,88.26938658,6.31032469,106.65890032,apple
5,108,198,22.5159741,91.43364774,5.72206831,121.72434169,apple
17,138,203,23.88968102,89.43141086,5.94494054,102.34631713,apple
42,142,201,24.82557489,92.36108044,5.85624183,106.24659564,apple
21,136,194,22.08821326,91.90870724,6.15316533,115.31303292,apple
21,136,203,23.38798558,91.44464546,5.84666853,133.46988882,apple
21,143,196,22.25778327,92.13656855,6.1447664,111.21042757,apple
15,118,199,21.93559397,92.74449797,6.2417091,91.2517114,apple
0,141,210,24.7956512,91.70753972,5.67219725,121.37624226,apple
10,114,198,21.90667484,92.62879538,5.89923992,110.7257135,apple
30,136,194,23.89471284,93.8858483,6.35441666,128.42749002,apple
22,119,199,23.64533205,90.46112745,6.04970737,117.31627001,apple
38,115,202,23.48741101,91.64715615,5.32079708,112.39003889,apple
18,139,198,24.06721528,93.48902725,5.50832239,99.04808156,apple
20,133,206,24.83475624,91.28162322,5.66080225,116.88846155,apple
20,139,209,22.61110458,89.00040628,5.93936883,115.99317623,apple
25,136,195,22.95562764,91.78422285,5.81264984,105.06689287,apple
18,136,207,23.49041404,92.39030147,6.19155885,111.41986263,apple
12,120,197,21.4590607,92.50705453,5.77437664,122.84689192,apple
0,130,205,26.00977013,91.64176425,5.62586524,107.86507826,apple
13,131,195,22.292855,92.965454,5.93090371,95.46513041,apple
20,132,193,24.40539617,92.99349509,5.77578492,114.91861921,apple
0,144,198,23.87535575,93.61467826,5.67570893,103.69185805,apple
23,147,207,23.33412221,96.16417949,5.92577305,123.98028497,apple
12,136,195,23.88697635,93.29281646,5.94610937,129.63531987,apple
20,121,203,24.02212827,91.9881234,5.19082738,110.47007236,apple
12,150,202,23.93430241,92.74200458,6.04850922,125.6402491,apple
44,143,207,21.80083578,90.79087111,5.78289256,126.23118802,apple
33,120,195,22.2686261,92.32830731,5.76207531,128.23998101,apple
30,128,196,24.95813693,91.20318084,6.28677439,115.79244729,apple
14,142,206,23.5549436,89.5748436,6.22613372,126.03578204,apple
43,138,198,22.50892979,91.62473414,5.84678279,126.47108971,apple
32,145,196,23.03650777,90.85152848,6.07182902,116.29450909,apple
21,122,210,23.48940455,92.25671227,5.64960865,113.16216223,apple
15,125,201,22.50718261,91.37254,5.65943576,102.88591275,apple
16,145,201,21.01747969,90.47086355,5.79741538,117.42036938,apple
11,146,199,23.77356677,91.08065634,6.02723348,104.98732065,apple
25,133,199,23.52107041,92.99112553,5.95169943,101.77330595,apple
30,141,198,23.94964748,92.20761463,6.08032747,91.11250905,apple
29,148,198,22.33633183,90.97200226,6.02564035,107.7423689,apple
16,122,192,23.25526271,92.80851732,6.58751207,112.16906424,apple
29,145,202,24.04312045,91.33415594,5.90871292,126.47847041,apple
34,141,200,24.09238857,92.51268944,6.25773605,102.71630526,apple
26,127,197,22.4471219,91.56162943,5.84543753,121.52814132,apple
40,142,198,20.65202206,90.15635536,6.19095661,111.98252081,apple
10,135,204,22.5972941,94.20082311,5.61639925,98.45944399,apple
34,141,195,23.27609096,92.74530737,5.85753503,114.64752104,apple
20,122,196,22.19714515,92.86213897,6.28348433,120.3657342,apple
20,140,196,23.96397659,89.97860547,6.09196529,112.09101003,apple
32,136,201,21.83037953,92.75225833,5.70233612,106.41446972,apple
22,135,195,23.10653836,89.36712745,6.17268708,101.97250808,apple
18,141,196,22.60030805,91.54688309,5.83848124,93.65821426,apple
28,138,202,24.82104999,92.13731099,5.69659702,119.38797486,apple
33,126,195,24.90605587,89.70466034,5.99198504,131.51483848,apple
24,136,212,23.28095807,92.94521798,6.34948895,118.40501312,apple
23,146,199,24.84300163,92.24550717,5.98304754,114.16618502,apple
35,134,201,21.43478353,91.20598719,6.11020594,122.07211735,apple
20,134,202,21.96884,89.04985391,6.05138183,118.26430273,apple
20,135,203,21.46731763,91.53193278,6.26043107,111.95914547,apple
21,135,197,22.57185177,91.4671632,5.90301069,109.89243769,apple
15,139,207,22.37193129,91.92875419,6.51860753,115.28976155,apple
22,127,202,23.04476342,90.12798649,5.85223857,119.20562702,apple
24,148,201,24.06496325,92.04347578,5.69225904,106.16763331,apple
6,125,205,22.72226494,91.55381871,5.9492802,120.25871067,apple
22,134,196,24.10705091,91.27653282,6.03876617,92.39664754,apple
33,132,208,23.8466873,92.06200243,6.07898689,111.63267584,apple
36,131,202,22.84115575,89.40411181,6.52169306,103.57246386,apple
3,135,199,20.51959397,91.21533515,6.140523,102.36454115,apple
35,127,202,21.92080889,91.75855715,6.13401801,88.9547321,apple
28,137,198,24.07256174,91.10858358,6.35713619,126.21292531,apple
37,129,205,24.15955311,92.90498207,5.79240922,109.58921744,apple
20,149,197,23.21723179,91.34989711,6.62234592,114.79705311,apple
8,136,192,22.90591698,93.64341806,6.16426616,100.6604995,apple
2,140,201,24.48222097,90.20281285,6.03554844,113.06761061,apple
7,120,205,22.05647496,91.43078627,5.81637011,106.66487678,apple
15,117,202,23.76738477,91.16114148,6.35976188,104.49307812,apple
47,136,197,22.41649306,92.0924109,5.38760322,108.25010163,apple
22,147,205,23.93011547,91.67430036,6.32973631,104.04076874,apple
1,124,199,22.62923611,90.99929992,6.04010332,107.71409542,apple
41,143,202,22.35847156,91.56962191,6.31710638,90.18513233,apple
14,137,203,23.39893893,92.10888849,6.08666138,101.23934911,apple
14,131,192,21.47641688,92.93165451,5.58145796,102.25087435,apple
4,136,196,22.25856221,94.80427199,6.03728142,110.82461511,apple
2,132,192,21.94374834,93.94650029,6.31333736,124.513223,apple
41,130,200,23.0836446,93.65843068,5.71426003,124.68260834,apple
8,128,207,23.47233949,93.33537387,6.02213814,110.18268516,apple
35,136,201,23.88389558,93.00305993,6.08810234,111.11414946,apple
28,136,197,24.258099,93.06678169,5.86963502,124.03593777,apple
18,15,8,11.22788731,93.71219827,6.35517762,117.45908413,orange
18,9,12,27.48809064,94.29160574,6.8098665,109.85095269,orange
23,10,8,24.03026318,90.16563211,7.17074734,108.57267406,orange
19,5,9,24.03191835,90.3629886,6.96454591,109.64258582,orange
11,7,8,30.44975854,89.23135773,6.74327877,110.8242542,orange
14,9,11,20.63485475,94.81438728,7.27749122,110.92169033,orange
24,10,11,28.45861068,90.46606056,7.37767171,109.29103221,orange
18,12,10,13.770157,86.40633969,7.75227499,110.36512113,orange
20,14,13,20.66972181,88.85895248,6.93199875,112.632412,orange
13,11,15,13.10328003,94.00220018,7.34041517,102.61576923,orange
18,9,7,18.72292754,92.23533925,7.12131443,116.02019529,orange
23,11,9,16.08894557,90.77443046,7.25447795,107.88206881,orange
22,14,12,5.50804814,96.25448865,6.60224453,104.6079027,orange
26,11,13,27.08038899,96.78324549,6.90700892,110.08046621,orange
16,13,8,24.1021952,91.92567272,7.15010926,117.15480399,orange
21,8,9,10.29266641,91.63079362,7.00039176,119.042241,orange
29,9,11,2.26775893,93.64713677,7.35527644,104.73984985,orange
33,14,12,14.17617893,93.81936477,7.18118153,99.40194799,orange
17,12,5,18.51862519,88.55446956,6.90613736,113.61524505,orange
24,9,9,25.18738778,89.15058417,7.02239607,112.67248497,orange
18,14,11,23.10526371,92.52027232,7.21987178,111.20387447,orange
15,12,14,24.9157698,89.89554518,6.76476276,116.80391549,orange
25,8,7,20.22850805,90.45538444,7.37226594,106.91785243,orange
26,4,15,16.89472427,93.18926178,7.02326852,109.69812077,orange
17,11,8,30.30353245,91.76157104,6.91317852,110.08382715,orange
21,8,13,16.84195516,91.89726442,7.20374165,115.24094821,orange
17,10,10,27.47518839,88.77658015,6.96929411,110.62138636,orange
18,11,14,4.73682491,93.24600424,6.9666545,112.62861141,orange
15,11,15,14.72514503,92.37929104,7.25676194,108.51629636,orange
17,8,11,33.67752392,93.2580205,7.55422367,112.77653736,orange
19,5,5,19.58426224,89.07081698,6.89687295,113.57170626,orange
14,12,10,22.10230565,91.74343692,7.09685063,111.71425746,orange
22,14,8,33.21718263,91.70520885,7.75040357,111.8130111,orange
19,7,15,12.71910977,92.33893332,7.14396536,109.9317444,orange
23,9,9,22.91790546,89.72301334,6.75236407,108.70037976,orange
22,12,17,31.70515361,88.72725931,6.89193025,108.66679354,orange
14,13,11,10.90936182,92.05194588,6.53042354,116.71127863,orange
25,13,11,13.27110621,90.45988658,7.01821638,103.99449952,orange
19,12,11,12.27730938,89.80334875,7.08612149,112.55422507,orange
26,11,8,25.37674164,96.28482648,7.22203688,109.70416493,orange
15,17,15,26.50941247,94.55151082,6.9199061,113.62227239,orange
20,10,10,26.33894785,91.99636728,6.97949166,103.39445029,orange
23,6,15,29.71101948,91.83787461,7.14028763,113.7050218,orange
22,10,7,26.56894232,91.60492972,6.99349266,121.88501353,orange
10,12,6,29.72188786,91.91394797,7.03841761,109.78816035,orange
22,14,9,25.73614151,91.16865238,7.216598,115.47514843,orange
17,10,13,16.0344497,90.18057679,6.92968263,116.38956331,orange
26,14,7,23.84142428,90.85879132,6.91200178,113.08693887,orange
28,11,10,23.18039378,92.72130695,7.23153715,114.47775265,orange
28,8,10,23.82175127,93.88425318,6.88365654,105.65308126,orange
23,11,9,26.59685266,90.89353503,6.67923125,108.33887092,orange
22,8,14,28.43698146,92.05365571,6.99352516,111.8699627,orange
14,10,9,35.78329547,94.24189409,6.73647516,111.71059262,orange
13,8,12,16.11460699,92.60439878,7.16876513,103.95532979,orange
23,9,11,19.19921303,92.91472391,7.14138836,121.85523264,orange
21,9,9,15.16535592,90.8862248,6.61146158,116.78929156,orange
22,13,8,11.43453756,92.86981106,6.71111688,115.27299803,orange
24,9,16,33.59672267,91.37602357,6.95893789,108.33476104,orange
20,11,7,22.7022897,93.78065899,7.09196895,114.89082366,orange
16,10,12,22.61876568,90.96124353,6.91378415,115.95912659,orange
25,12,12,22.90749189,93.77317112,6.56059552,110.1657286,orange
23,12,6,31.90260101,90.05115836,6.96365556,107.15591809,orange
30,12,13,9.7513884,92.7737572,6.91959468,106.59937569,orange
22,13,12,22.45132486,87.8261501,7.1541184,105.44038349,orange
21,6,10,27.28032757,89.53969656,6.70162438,106.77920032,orange
23,13,11,36.97174055,92.63491187,6.40716889,110.48497844,orange
20,14,4,26.06318404,94.18681927,6.97338609,113.23954907,orange
17,6,10,28.63821392,92.04030013,6.68012774,112.40901781,orange
21,16,14,14.39240155,92.02743443,7.14750233,101.35048199,orange
20,12,11,9.15101998,90.18975762,6.88124397,105.69586475,orange
27,14,11,32.50819998,90.95552397,7.7457644,111.20424771,orange
26,5,9,32.97898098,89.53574121,7.3761702,104.36103512,orange
13,14,10,22.24183019,92.59460849,6.7597239,110.68935961,orange
35,10,8,18.94355511,88.9906549,6.95116422,119.25543332,orange
23,12,10,31.22729041,91.48476512,6.89535376,117.20769504,orange
20,10,7,38.11084135,91.69942224,6.60040359,122.28834334,orange
20,10,10,19.32547883,93.00875567,7.15055355,114.094583,orange
30,8,13,22.55280352,91.8981352,6.60912614,114.53750047,orange
20,14,10,26.64027316,89.49246023,6.63669111,115.84522482,orange
16,10,7,12.9301926,87.47477351,7.05017719,98.50618442,orange
15,10,9,22.40782708,95.27030319,7.05994326,112.52222061,orange
18,8,11,19.5881446,94.99591273,7.80374881,107.16028857,orange
27,12,10,14.68695307,91.01333651,7.36144696,113.41042827,orange
20,9,10,16.69682183,89.26659372,7.09262062,107.33240743,orange
18,12,9,18.01094514,96.29108525,6.76955552,98.84132998,orange
11,10,9,29.10280288,92.70308655,7.35606188,108.19273354,orange
22,16,9,19.58407871,91.11788827,7.11681183,99.39127365,orange
13,9,8,23.32706565,91.41084796,7.34982146,104.54334276,orange
24,12,11,25.00531303,94.7047662,7.34508883,111.37666001,orange
22,10,8,22.83860416,92.24614496,7.21452232,106.79249677,orange
16,10,12,22.35089493,91.3506203,6.62716783,106.36434772,orange
27,7,9,18.75806266,93.29447619,6.5697576,117.23987304,orange
10,5,11,34.8215151,89.39832267,6.9182901,108.25775224,orange
15,9,13,23.14746661,94.20499288,7.38977903,101.21533152,orange
18,13,9,24.44840881,92.40004491,6.74216827,106.28506357,orange
16,12,8,36.42535347,92.85825055,6.78995394,111.71144777,orange
18,8,11,17.39203172,89.81076407,6.99027568,109.80015455,orange
27,16,8,35.8975059,92.45455163,7.29590905,112.28851979,orange
22,8,11,21.72925911,91.59309353,6.79622307,114.57431177,orange
15,11,2,24.67973661,92.63079679,6.93472973,109.5381682,orange
45,59,54,35.84773205,91.93118344,7.12621694,142.55063782,papaya
39,60,49,37.91689346,92.49329147,8.36373614,135.97133029,papaya
41,58,49,24.86902789,93.71782982,7.23145969,129.31563133,papaya
46,58,54,30.60640525,96.51068003,6.38241777,146.80118434,papaya
44,63,52,35.11310943,91.74561536,6.57427797,164.62801852,papaya
55,54,47,42.84944236,89.91767082,6.42336538,149.45007277,papaya
40,60,46,39.92135298,92.31481753,6.35159421,120.90997185,papaya
53,67,54,34.79107585,92.63705315,6.4212631,122.24750599,papaya
44,70,47,29.74438745,97.79701864,7.17051887,127.33888309,papaya
49,79,53,35.36399887,89.55015282,5.64000735,142.77699371,papaya
47,59,52,29.24084829,93.95613604,6.41016682,138.76205661,papaya
50,60,49,34.25540929,93.92823596,6.56234733,99.82939077,papaya
47,49,53,25.37288542,94.19462724,6.91219924,138.02265335,papaya
24,45,52,31.41085384,90.29312366,6.67348726,134.0809669,papaya
54,58,50,33.96518405,91.10858649,6.08518924,157.32263491,papaya
40,49,50,15.8479545,91.79868636,6.2276262,157.60309053,papaya
64,57,52,24.59286943,90.14803595,5.74716043,162.42378988,papaya
54,62,58,41.90801064,88.44248243,6.62844726,133.88208319,papaya
40,61,47,32.08313229,89.09476412,6.30563939,133.67326621,papaya
54,57,50,32.67932361,94.50690083,7.35277647,129.47668479,papaya
35,60,50,37.44560909,92.99426259,7.00510149,111.1599592,papaya
50,57,54,26.9867219,94.86844236,6.380322,145.24739721,papaya
62,66,51,32.82160483,92.38756369,6.98608488,144.00936921,papaya
39,61,51,47.30505874,92.25996009,7.37411755,112.02628649,papaya
44,65,51,25.84763169,93.02928365,6.15882882,150.7651604,papaya
50,70,48,39.77439055,90.38498231,6.69079243,152.73755314,papaya
49,60,52,35.8282568,90.46365381,6.49458577,160.55577387,papaya
36,65,44,33.10657701,93.43572431,6.79391082,133.20082673,papaya
30,57,47,27.41860369,91.72710114,6.43201656,132.59802395,papaya
40,69,52,19.81036005,92.17069847,7.22036832,149.77411816,papaya
50,70,59,31.03982597,89.60543772,6.56723464,163.97985435,papaya
38,64,44,29.80333555,92.53535841,6.88618108,141.05121505,papaya
49,54,48,40.09661286,92.87475229,6.42290523,123.48007855,papaya
60,65,46,28.07993177,91.540967,6.87798641,169.2915131,papaya
22,55,53,31.93840759,94.14577294,7.79884207,143.60769294,papaya
45,71,49,39.46864385,92.52573455,7.61348258,125.01908155,papaya
62,59,47,32.18695996,90.32296043,6.73457911,136.46588879,papaya
53,56,46,35.27880434,89.89570076,6.94215164,110.88243834,papaya
51,58,52,38.71472461,93.67127091,6.46666572,166.18093937,papaya
46,67,48,44.92838077,91.64671642,6.77492085,172.85810032,papaya
57,66,51,22.78407987,94.88440651,6.2811675,148.27250015,papaya
41,62,47,30.78475905,92.16364303,6.84132137,121.05548104,papaya
48,65,52,38.03915048,92.80621988,7.25038345,149.70190607,papaya
49,59,48,28.4831162,91.74739366,6.71377536,140.26191807,papaya
37,60,49,29.45487609,92.24370347,6.80455005,127.80206246,papaya
41,52,50,43.62906262,93.13157328,6.03356788,156.14432335,papaya
57,61,54,37.09058897,90.61293226,8.15810129,153.10852267,papaya
42,74,56,37.50482448,92.07739344,6.72794294,135.5247121,papaya
48,62,45,33.44375409,92.15896235,6.74022448,114.65021203,papaya
52,73,51,36.50577622,93.01143396,6.17083874,124.62239093,papaya
25,67,50,38.33145889,91.78148333,7.21159183,139.46495368,papaya
50,56,48,41.15007328,91.85855782,7.91897327,152.56549973,papaya
58,61,52,36.12718431,89.03919961,6.84061985,168.33561327,papaya
41,63,52,32.33426392,93.2631984,7.26994786,138.70856589,papaya
49,60,47,29.90228999,89.85086123,6.76541126,135.18442095,papaya
47,60,45,36.77357837,91.40251421,6.80855636,104.59851478,papaya
53,64,51,42.04778604,90.63507655,6.78968497,108.13650552,papaya
66,61,52,24.6302532,93.19427305,6.95861887,115.47575868,papaya
53,65,52,31.3849567,94.47887411,7.02884712,149.70467783,papaya
44,62,49,40.04649891,90.27276062,6.47384753,129.98243886,papaya
43,55,56,46.98189881,94.29954518,7.47963994,177.42850526,papaya
49,45,46,30.38830603,89.60814937,7.23120591,142.13296403,papaya
55,50,51,33.89444279,89.27926163,6.82919852,145.82638874,papaya
59,63,49,23.80267148,94.96338034,5.72245128,153.72122787,papaya
40,57,55,30.61561696,92.8605965,7.23550427,157.5796724,papaya
45,62,45,34.16409197,91.42579229,7.03784269,156.03506071,papaya
53,55,54,26.13658089,90.81906964,6.16144645,137.82053621,papaya
39,56,51,39.91096013,94.56252058,7.74774352,151.70914312,papaya
61,46,49,39.24657637,93.21478285,6.52151309,181.37647027,papaya
56,51,53,25.04526754,94.63726322,6.46232188,172.62317044,papaya
62,65,48,37.33208448,92.1856679,6.34513434,145.58708175,papaya
63,52,52,34.81254699,94.46673692,7.24418941,143.63780087,papaya
72,45,48,33.94512897,95.09101393,6.30603124,153.81599645,papaya
38,45,50,37.5778186,90.83844621,6.79324527,117.58607357,papaya
55,63,49,37.22689178,94.84158305,6.65566629,148.19327813,papaya
41,62,54,42.11702199,87.09472562,7.92319415,150.33973896,papaya
50,69,50,33.06640603,93.39535501,7.21676022,127.82503135,papaya
31,58,53,35.74848721,92.48406601,6.69648672,148.18203687,papaya
49,68,49,37.84332257,91.21765498,5.55694964,137.48927358,papaya
49,54,53,22.59008157,92.5820376,7.76074363,138.34307137,papaya
58,56,50,30.87196064,94.86176525,6.82450535,135.56524027,papaya
56,59,53,34.64884412,93.50991206,7.41410973,143.85039948,papaya
42,50,47,30.6445582,91.03939836,6.82572632,138.76753423,papaya
60,48,49,32.01810032,92.33312758,6.71793869,151.38155564,papaya
46,61,45,33.40429061,89.07939259,6.95398948,119.68084104,papaya
50,55,53,33.88915388,90.47205198,6.70356263,137.17936237,papaya
47,59,50,35.40480929,91.31179798,6.24218808,161.03600673,papaya
37,56,49,34.54548154,88.63521673,6.93936543,124.11522523,papaya
62,73,53,42.92935834,90.61733615,5.90995797,140.94756983,papaya
52,51,49,27.17605374,91.69952434,6.29975537,155.8075004,papaya
49,61,44,26.68008237,90.96779442,6.15090964,142.86514972,papaya
51,51,50,33.31089063,92.56202381,6.85905925,127.57628122,papaya
62,69,47,37.4340213,92.16900176,5.50202983,135.35205703,papaya
65,58,53,37.75527144,91.1034723,6.05828876,118.96363342,papaya
75,65,49,33.64157148,93.83941843,7.41093165,137.04721006,papaya
52,50,46,39.1175964,91.66881173,6.67004692,150.63370254,papaya
54,72,50,32.15276388,95.88599704,7.36490082,165.69650013,papaya
47,58,45,35.9609922,93.00354005,6.67600622,133.63524132,papaya
56,62,51,30.03923302,91.49465779,6.66046259,158.92432706,papaya
69,49,48,36.05200886,91.05999448,6.77777887,170.59099265,papaya
26,16,27,28.1138934,95.87538638,5.37570609,150.22493441,coconut
20,20,31,26.45784904,95.08772799,6.16697,188.84413794,coconut
24,6,26,25.89728497,93.1986297,5.67904826,176.31568109,coconut
38,14,30,26.35655897,93.11111645,6.05687282,155.10083509,coconut
32,10,34,29.46628092,96.49514451,6.49854349,157.03804006,coconut
26,16,24,24.15407093,93.21353454,5.58531938,149.93290034,coconut
14,21,28,25.78955297,100.36942971,5.34166199,167.65378524,coconut
25,10,33,26.31940533,91.41192079,5.71062319,200.55740815,coconut
4,28,26,24.79177367,95.85515246,5.97964577,219.58565108,coconut
17,22,28,28.20652545,99.16328626,5.79673774,247.13450256,coconut
47,17,26,26.17243605,96.41397315,6.14578551,181.19428096,coconut
28,18,34,26.3496225,96.22135216,6.39921493,199.58531367,coconut
14,20,34,28.05290434,92.97434985,5.95464979,139.77164007,coconut
10,15,24,24.68199407,91.48120615,6.02558253,152.89881159,coconut
21,13,30,29.48019484,95.81919861,5.96793544,191.91078303,coconut
16,6,25,26.94593087,95.30443769,6.22200134,199.24054704,coconut
38,15,41,25.08236638,99.69131672,5.81678832,200.87307949,coconut
0,15,36,28.04201578,97.65963684,6.0159953,225.28823509,coconut
39,20,23,26.05685443,92.97420398,5.77370298,111.66147093,coconut
18,21,28,24.01664841,91.12539218,5.59695856,183.25953524,coconut
42,22,32,26.39612554,93.20203757,5.75996847,193.52726974,coconut
39,19,30,28.92337839,91.66981621,5.86774652,226.32544241,coconut
39,11,29,30.60778677,100.82879126,5.61691823,174.61712774,coconut
22,7,35,27.90779057,96.16876769,5.70562023,233.7741182,coconut
30,18,26,28.44203392,97.51289393,6.17030401,149.9880437,coconut
22,17,36,26.28042841,93.81005217,6.61649733,221.53666709,coconut
23,21,28,27.56133394,95.23690052,5.58350098,189.49030626,coconut
0,20,35,26.67588483,97.78427025,6.49625031,133.84474029,coconut
24,17,21,29.13450378,93.94050105,5.95730248,204.14799408,coconut
35,12,26,25.68056357,95.46014179,6.42075866,191.41479983,coconut
17,19,26,25.31284522,97.19624554,6.33265185,192.40173379,coconut
37,23,33,24.79697822,96.83038513,6.03464202,163.80238784,coconut
12,13,33,25.47139154,89.42648337,6.09096894,155.98146124,coconut
23,11,26,26.66300036,91.01439784,6.04780799,165.91720053,coconut
18,20,29,24.38934428,97.45789854,5.92967944,130.97941673,coconut
11,25,27,26.48425524,98.1490861,6.39743245,219.17870614,coconut
33,18,41,26.39906573,90.15211575,5.9204268,176.73213235,coconut
48,23,25,26.83591234,103.20895862,6.59364504,202.68889391,coconut
18,21,23,30.55862705,91.9183356,5.67505493,193.75401304,coconut
27,19,34,26.38508397,92.78538578,6.04688822,173.35029972,coconut
35,9,22,24.75920661,95.3504185,6.21887873,213.77782312,coconut
38,5,32,26.8442891,94.38743077,6.00938134,149.38809438,coconut
42,26,34,27.08978085,97.44549668,6.39133961,156.46129069,coconut
14,18,29,27.04915887,95.72776976,5.83989577,174.77407151,coconut
33,13,33,26.92777896,98.00099251,5.93588873,155.34040277,coconut
19,28,24,27.15195515,97.05859305,5.9462116,151.97340837,coconut
34,25,29,28.22920336,91.11143511,5.32408321,229.79215102,coconut
18,13,36,28.30279501,93.54755526,6.20523488,167.64288994,coconut
22,16,32,24.5843942,100.10325292,6.29435609,155.66452386,coconut
36,14,17,26.77405442,102.23447333,6.2546633,157.47562582,coconut
41,12,13,28.11571626,96.62119683,6.22085529,195.91314616,coconut
20,4,20,26.49857674,94.61500725,5.90599339,103.60278006,coconut
15,18,24,27.5711091,93.35406549,6.15589175,189.57167534,coconut
6,24,28,30.5300263,95.10478883,6.10547681,176.17636583,coconut
43,28,35,26.18469902,91.42255061,6.22632004,215.78600676,coconut
9,27,27,28.73920848,90.46084902,6.12480151,186.62521473,coconut
27,27,39,26.46766301,95.91660338,6.28290164,197.96148065,coconut
8,22,33,29.81489061,96.10855406,5.87491196,156.2069386,coconut
4,19,31,26.32263526,93.23923334,5.77910288,179.2241891,coconut
41,6,25,27.2162052,90.1448349,6.05166365,193.69007635,coconut
27,25,26,26.340533,92.7435779,6.46664777,117.74078593,coconut
35,11,33,26.46525921,95.15490047,6.45754527,154.77897496,coconut
9,15,37,27.8715417,90.70223277,5.91798969,182.00874583,coconut
43,16,31,26.0070489,98.319524,6.17155407,184.43990287,coconut
49,14,24,26.44011575,93.40061901,6.37795405,134.32022804,coconut
32,9,21,28.46439539,95.63170048,6.28920114,149.42882686,coconut
26,14,23,27.44233315,97.50810252,6.32056039,190.96931691,coconut
9,32,32,25.43757539,92.9497507,5.99978251,191.27211333,coconut
30,19,28,28.09513808,96.88735133,6.36054666,196.30415596,coconut
11,21,39,26.62080363,96.3154521,6.00983334,190.7675074,coconut
34,12,30,27.75822917,98.87800879,6.80192283,187.22555866,coconut
23,15,22,28.57561497,96.53543987,5.99612051,108.92442363,coconut
12,10,32,28.02361269,96.55692139,6.03947585,165.27877186,coconut
27,10,32,28.47318424,95.09774804,6.29192413,162.28953366,coconut
27,24,40,29.10678981,95.4852363,6.07729953,162.99254419,coconut
35,13,26,28.99204767,93.12197746,5.52962992,143.8017839,coconut
29,22,41,25.26642603,92.99382978,5.848058,199.82572446,coconut
20,10,31,26.70670671,98.2077294,5.99855303,161.684826,coconut
21,19,31,26.84543191,91.12752879,6.05282773,122.09773492,coconut
44,26,25,26.78923622,97.55110185,6.27591335,192.75585772,coconut
33,22,34,29.36395958,94.96861466,6.09945639,95.83815235,coconut
35,20,22,27.87672123,92.69837941,5.49722043,185.99659827,coconut
24,16,33,27.38371962,93.1578864,5.89861994,224.45508126,coconut
16,19,33,27.00525064,92.77152017,5.6387332,180.56220656,coconut
38,20,29,26.47590282,96.68747322,5.95763195,191.44690605,coconut
48,12,32,26.31826327,88.3582955,6.16769113,158.31627223,coconut
0,22,36,29.22168368,101.51246901,6.23206036,190.41916353,coconut
29,18,24,27.51405862,93.73533961,6.51085836,209.10635389,coconut
21,9,24,25.74864038,91.31780527,5.81451777,227.14849854,coconut
30,27,23,26.46459876,94.40518588,5.84209006,156.7607798,coconut
8,15,32,28.29070005,99.38070076,6.08706009,197.59078018,coconut
6,13,25,27.62791248,93.89310181,6.02861655,165.66951258,coconut
37,8,27,24.37643356,93.18376392,6.02156762,198.01232701,coconut
9,16,26,27.90604871,98.22607349,6.3034386,174.40754506,coconut
23,11,42,29.73272651,99.63966179,6.02650732,204.42097689,coconut
24,15,32,26.27851952,97.37236556,6.45551011,177.32641431,coconut
11,4,35,24.20997126,97.78663785,6.65566499,151.65000183,coconut
2,24,24,27.11810121,96.74793289,6.0359551,251.12311427,coconut
25,14,21,28.71030092,93.30365652,6.04241611,152.1873281,coconut
32,13,24,27.04389513,93.99762293,5.54458374,133.57838198,coconut
128,42,23,20.66744462,77.50117701,6.14815611,72.64125027,cotton
131,43,24,22.1001652,78.82837814,6.84692721,95.29413788,cotton
147,51,15,25.50936363,81.21262216,6.52268484,92.88817846,cotton
97,38,23,23.97175445,83.51378968,6.59635761,80.51190593,cotton
124,52,23,23.57231091,74.83376093,7.23068152,63.57583946,cotton
109,51,18,23.53716349,80.10669482,7.0769108,70.75795665,cotton
124,43,24,24.1353134,75.87910617,6.70726702,70.0069546,cotton
128,45,18,25.33012617,84.65402105,7.55300522,95.81658704,cotton
147,46,22,28.7700928,79.0095566,6.82653349,73.05160801,cotton
116,54,16,27.86333451,77.97792928,7.10045205,92.79163166,cotton
123,40,17,24.05278445,79.02576697,6.87414717,65.20930182,cotton
137,51,17,24.5785543,83.60512829,7.67859584,75.94209339,cotton
124,39,20,25.99985529,79.78887745,7.39718029,63.94992633,cotton
113,42,23,26.26790079,78.65703344,8.03287292,72.91101003,cotton
127,51,23,25.7804307,80.16768498,6.80976174,79.2561067,cotton
113,48,12,24.47342956,79.63257752,6.41162212,75.68794792,cotton
114,60,23,20.62767823,78.83252779,8.2333213,70.17818524,cotton
125,44,19,26.96494377,78.85701203,7.8530652,82.56766341,cotton
104,52,12,22.57180961,79.10179282,7.42609397,102.40251545,cotton
107,48,21,24.17067664,78.69705897,7.12066312,97.57347475,cotton
128,59,19,21.78586338,85.57835526,7.45165322,84.56283102,cotton
115,44,21,23.08839519,81.30769869,7.20095078,82.05154134,cotton
107,34,27,23.53714125,84.34117359,6.73650515,96.98116424,cotton
118,49,24,25.33641186,80.48736462,7.25966147,99.15038686,cotton
122,47,18,25.98780014,81.60336747,7.79065432,88.4676104,cotton
116,41,14,22.61238889,80.59749697,7.54279244,87.95989988,cotton
146,51,20,21.21403925,79.51660392,7.30591962,88.29881272,cotton
121,49,19,23.00846812,86.60775624,6.72823871,69.80626041,cotton
122,50,23,23.8152238,82.24426893,6.54807723,89.66631457,cotton
126,41,17,25.04324468,82.46995386,8.07487867,86.65726622,cotton
82,45,22,18.33177517,82.24027526,7.43347173,71.53347463,cotton
120,48,19,25.4860879,83.87168206,6.79624068,87.61031771,cotton
114,42,25,27.61901163,79.01392128,6.31629596,98.6351745,cotton
124,46,17,27.24226129,81.78209878,7.16532384,85.55021221,cotton
96,41,21,24.52787331,76.0537078,7.59826493,95.43222122,cotton
150,51,21,25.84085477,84.59265582,7.44952601,79.24164983,cotton
116,57,18,22.05809768,76.22709088,7.36137553,91.51486056,cotton
134,49,19,26.79219452,80.86730415,8.84125475,62.94845333,cotton
110,47,16,24.78964572,84.33634407,6.38121102,67.02046656,cotton
122,33,22,21.85828015,79.33585415,7.00366703,98.97277321,cotton
105,38,23,23.47506537,79.48466599,6.4391653,85.83896616,cotton
119,42,20,25.88642113,81.1098421,7.00906112,80.12780435,cotton
123,43,20,25.2807718,73.62315763,7.6218882,74.99880557,cotton
98,51,22,24.59748247,77.95355571,7.35780631,67.97099309,cotton
134,40,20,22.77035735,82.2271153,7.32172123,93.01956539,cotton
126,42,19,22.30540813,81.5677091,7.02829972,68.34224836,cotton
115,51,24,23.01823587,84.9384353,7.67755845,82.48558802,cotton
113,38,22,23.54332392,83.89652993,6.8776735,75.93404824,cotton
103,40,22,21.96334377,81.78453315,7.44781952,89.19742176,cotton
123,55,23,24.16397239,80.70242783,6.73096853,74.90103593,cotton
131,46,26,29.39743398,78.55957216,6.87705762,86.93331299,cotton
140,52,22,24.6966523,73.08731678,6.62444941,77.43919046,cotton
128,45,25,20.83612714,73.7634707,6.55663829,88.12187448,cotton
145,41,21,24.45416532,82.63904472,7.12727425,89.85083393,cotton
111,44,16,20.39054574,79.27307511,7.39602724,74.26734306,cotton
110,43,20,23.77335342,83.1550139,6.9946129,85.55005745,cotton
153,40,25,23.01558674,84.01303598,7.34302293,86.00327659,cotton
118,54,23,24.04600355,87.68725431,6.71132335,79.13327957,cotton
130,44,17,23.63275339,81.66453496,6.96383653,83.87955173,cotton
131,49,15,22.07045849,78.0902694,6.60184298,74.57153025,cotton
108,46,17,21.99414109,75.91770493,6.50707142,80.83100561,cotton
117,49,22,25.88927663,79.6752834,6.80183944,96.33460695,cotton
91,45,22,26.41193918,78.40438158,7.33326312,78.02281302,cotton
132,39,19,24.60435026,81.32915732,7.05793797,94.29186282,cotton
123,48,19,24.26097539,80.82874688,6.01762033,81.96913591,cotton
99,45,18,23.567037,82.19645967,6.66274283,77.78767517,cotton
106,49,17,23.33758849,83.42824072,6.74011392,86.71486563,cotton
135,51,21,24.10886651,85.56487601,8.23548194,77.92733312,cotton
122,42,18,24.84755953,84.82664497,7.19919781,87.80484251,cotton
123,46,18,21.64378647,79.72905995,7.652253,90.24380731,cotton
106,50,22,23.34050716,76.92197225,7.13768655,101.19879787,cotton
69,48,18,22.49866033,77.72209519,7.20012596,75.92094088,cotton
147,50,19,20.16723358,79.45870441,6.70601159,79.39426797,cotton
110,41,15,22.97777769,75.79624723,7.48004815,79.03894169,cotton
133,51,21,26.79272297,79.79523707,7.2597072,78.23241496,cotton
132,44,11,25.06648028,81.98751462,7.25840567,84.70853491,cotton
97,36,19,21.96010471,80.55796237,6.34506169,91.80232143,cotton
117,49,22,22.2700521,79.35934565,7.05785048,85.82740465,cotton
115,47,20,23.98877737,77.28511424,7.13443128,76.87171343,cotton
119,50,21,23.25436376,77.76973831,6.99495053,86.58019344,cotton
98,44,22,24.06238491,79.24929611,7.55901166,80.01985821,cotton
120,55,24,23.7657977,78.06951631,7.21460142,73.50766642,cotton
86,47,16,27.28237146,83.47374637,6.86425278,76.7168756,cotton
125,58,16,23.10864824,75.83902425,6.58170759,77.05323508,cotton
114,49,14,24.57588265,77.39380831,6.83057118,64.38467101,cotton
118,34,17,24.54104043,82.86640221,6.7003611,106.69386072,cotton
132,44,25,21.96413282,75.3210779,6.76016726,108.905088,cotton
133,38,17,23.50897222,82.97398466,6.35097349,79.32645581,cotton
123,46,17,22.7006063,81.08556414,6.6741724,81.88749073,cotton
109,63,22,26.78420809,81.82524962,7.10272169,88.95391617,cotton
115,59,22,23.23210749,76.46260945,6.59600448,70.40638334,cotton
85,56,16,21.31619251,84.23952018,7.19378233,81.20736787,cotton
99,42,21,22.11097687,72.94147249,7.09866529,88.95007633,cotton
130,39,18,26.39183463,76.37050581,6.87920438,103.61347106,cotton
129,36,17,23.82982204,79.89853936,6.31769005,83.53740399,cotton
121,43,22,23.03694342,78.73743106,6.92001118,74.98049745,cotton
127,39,18,21.30461971,79.00372647,6.71089436,96.38271797,cotton
111,47,18,29.06598171,78.55317071,6.97832432,73.99772012,cotton
115,32,20,23.19779005,74.52198677,7.49480572,74.64757581,cotton
86,48,17,24.82098586,78.29644705,6.6101342,74.38508762,cotton
76,56,41,25.34552019,77.5451095,7.18445182,175.50350127,jute
73,43,38,20.79937767,79.47751357,6.77265449,181.53465541,jute
83,39,42,22.20369555,75.43864301,6.65836011,156.7311783,jute
73,45,44,28.08864755,73.76811475,6.67022242,148.2470509,jute
88,52,38,17.80022791,74.01417975,6.31526261,170.88310538,jute
81,44,39,15.59100608,79.74833718,7.02660755,172.33450826,jute
83,42,34,33.48780624,87.4072325,6.72844674,161.52053322,jute
92,46,40,28.14578509,80.00950572,7.51886915,155.25455715,jute
72,45,37,18.59868904,89.22074986,6.98836963,175.7587739,jute
64,35,37,22.7023951,84.88890189,6.93340065,168.84119637,jute
80,44,41,25.50462096,79.29858505,6.65333093,202.95542196,jute
68,45,42,30.27916076,84.2321056,6.53434994,172.2082596,jute
76,46,39,28.94568507,80.1780646,6.8123036,175.77015736,jute
92,41,41,29.74762014,85.83448599,7.65295601,165.36789642,jute
89,56,48,26.22849816,86.26516773,6.76345177,175.37321417,jute
65,49,39,25.53474012,84.49266633,7.2272026,185.61763396,jute
72,46,45,18.52373313,79.98766784,6.66576185,185.11524459,jute
63,43,41,16.19005828,71.72686657,6.7536213,157.88503535,jute
82,49,43,29.59104126,82.59681636,7.45305185,175.40135589,jute
82,36,38,34.12594423,83.14890004,7.13630095,165.03620114,jute
76,42,39,16.97173579,84.00663004,7.62414383,190.41093399,jute
72,50,38,21.84872316,83.87552675,7.12915823,171.52083495,jute
84,44,38,21.23066801,89.99808562,7.02041869,177.9962641,jute
56,40,40,21.76298396,78.44861207,7.03270823,163.82600444,jute
68,41,40,24.91340485,77.32651535,7.55307215,179.29736131,jute
81,54,33,18.98364983,85.17069004,7.45017397,156.47076961,jute
75,44,34,27.92368267,84.32881241,6.76160663,172.21042588,jute
112,56,38,25.63299393,70.07093335,7.00817729,200.10542144,jute
74,40,39,20.95197497,82.09627846,6.50428176,177.12460057,jute
77,49,41,17.12961414,78.04917045,6.92477185,168.56387356,jute
112,42,43,20.24499663,83.86512124,7.2085012,159.82392824,jute
88,47,43,26.15879053,80.32234616,7.11176231,160.18703778,jute
86,46,43,18.64722815,81.30904895,7.24008091,184.32692657,jute
83,47,48,30.88963844,85.56942135,7.60834232,179.25651387,jute
60,46,35,33.8687887,78.713249,6.38118878,171.90233573,jute
77,39,43,30.35552924,74.98406282,6.78500683,168.65499797,jute
59,57,42,26.03226166,82.24505723,7.04808068,181.49783355,jute
73,39,41,21.74466102,87.74133548,7.32237933,155.93657808,jute
52,43,42,18.29029534,86.41281059,6.82490954,177.9057973,jute
78,54,42,30.53216209,77.17927592,6.58826332,186.44039313,jute
78,54,43,28.43148996,79.44436894,7.21287077,191.6617833,jute
73,43,41,19.37262197,90.75966099,6.59436837,160.73097965,jute
74,48,43,16.53864841,89.95504282,6.9564268,150.90058739,jute
65,61,42,25.98397222,83.11561708,6.4535463,167.5456284,jute
109,39,40,20.79102848,76.4919946,6.68205027,166.90011759,jute
95,37,42,21.26914023,84.12873761,6.8159199,185.60304942,jute
73,51,38,23.4299254,79.05075247,6.83634169,174.00924182,jute
80,43,43,29.78057855,74.75305614,7.15749975,196.69407336,jute
70,45,38,30.7425675,75.70306521,6.57771998,153.29811459,jute
71,47,42,27.56616611,76.92784389,6.82448941,170.55309913,jute
83,44,43,27.9890794,79.04550695,6.80012961,191.27389804,jute
92,47,42,20.49034632,81.73852613,7.00112568,178.65001098,jute
63,42,40,18.87495651,79.80414907,6.95379115,157.98656819,jute
100,45,37,27.43817934,78.22126542,7.04521395,161.28318165,jute
85,44,40,27.10839317,74.95323488,7.26586686,175.24665442,jute
68,47,44,24.25935854,77.23517918,6.74085851,174.71844205,jute
73,49,40,26.69479134,75.12701682,7.08703231,165.9998766,jute
83,55,39,17.98449503,72.02726362,7.19925858,178.34810491,jute
67,39,36,32.84868175,68.66499013,7.14091141,188.60497322,jute
68,46,38,27.30488988,70.50950373,7.43098809,183.00694847,jute
86,50,40,30.67781797,76.48994007,7.16202671,177.02526465,jute
97,44,43,29.81608433,80.82931083,7.02302799,164.06549476,jute
86,50,43,30.16718135,83.9447327,7.24933478,184.15103144,jute
78,40,41,14.34804899,74.11255162,7.05964486,156.37545651,jute
83,60,42,23.01298512,81.44710786,7.12664139,192.44437444,jute
96,53,44,21.46303632,72.42342114,6.69804144,144.47772149,jute
78,40,43,25.10417313,83.39412508,6.63514198,177.61636257,jute
60,46,44,20.91612492,78.20060129,6.88363528,183.55058389,jute
95,53,38,31.82648883,81.59703128,7.050965,187.72313578,jute
80,54,37,16.93967301,86.97217404,7.02415567,187.14613784,jute
70,40,40,31.71471022,79.7199208,6.66015412,194.08637071,jute
74,46,48,20.55969339,73.47876253,6.71924953,178.48199569,jute
70,42,39,22.36044741,70.89493444,7.04139824,178.25411953,jute
96,40,37,26.00977656,82.67349395,7.23330139,183.41488503,jute
56,52,41,13.46659925,83.96580134,6.98409166,160.94766825,jute
81,50,37,24.15985809,79.59159914,7.18602773,174.25774629,jute
82,46,43,15.0595617,81.51484923,6.62352685,180.86052249,jute
92,45,43,24.81274865,86.47867312,6.9294575,165.00513675,jute
92,51,43,24.5989195,79.66937431,7.60352736,200.35403071,jute
77,56,41,28.77789819,81.87265723,7.16234868,184.1900375,jute
67,42,39,21.26885846,85.14553042,6.91695277,193.91652569,jute
58,52,36,27.2332197,85.64593264,7.2661691,150.41233134,jute
80,48,42,32.30221402,81.25277092,6.94264761,180.7228017,jute
77,48,44,29.33677147,87.43178127,6.79818507,164.81566059,jute
60,44,39,25.24253022,72.70118491,6.72166264,168.45282322,jute
71,38,38,29.18093628,86.30337071,6.76805293,148.99393775,jute
86,42,40,36.86744644,80.5873065,6.96534449,173.6060842,jute
85,47,44,25.94235636,71.80974818,7.49918941,172.65401591,jute
75,50,41,24.80734928,74.67280634,7.10755851,147.74463854,jute
67,62,39,19.92002248,79.06575065,6.71471576,157.23487771,jute
64,44,40,24.26409897,71.04408425,6.70971864,174.66237021,jute
73,52,39,31.35435092,77.02626736,6.85762362,186.85234701,jute
81,46,44,23.30077987,78.64926483,6.93665908,176.20787362,jute
63,48,41,29.35804665,77.30811628,6.75096794,152.0054372,jute
81,44,43,30.14595197,79.43449482,7.43173358,186.40163006,jute
73,36,37,20.02882218,76.64854647,7.08996513,183.11553073,jute
100,37,43,26.12608308,78.36431145,7.03185485,181.64890854,jute
71,38,36,29.92867548,77.34057204,6.29989061,172.62341425,jute
95,54,40,17.56397922,74.99135038,6.29674387,183.9122489,jute
103,51,39,24.77763778,82.31689367,6.87367419,167.35683198,jute
104,15,15,25.83993213,52.88283239,6.30822122,137.44976695,coffee
100,28,34,24.37582603,64.52729779,6.96952819,158.05644742,coffee
141,24,32,25.50402945,58.27693908,6.56227655,184.68866186,coffee
77,28,24,26.8361723,61.32796542,7.09387378,150.61900472,coffee
85,32,24,27.71681081,61.26684504,7.08935041,140.45883091,coffee
90,36,35,25.85283398,59.0757753,7.09678655,164.86410058,coffee
105,32,25,25.38417712,62.96595651,6.70017097,177.75471859,coffee
75,27,31,27.03114201,51.16413726,6.82655781,186.2022833,coffee
118,32,39,26.37369724,69.11523221,6.89000001,123.80510915,coffee
106,20,29,29.07049436,52.46639866,6.98754727,129.14043593,coffee
106,18,31,26.02484668,64.84010192,6.51214898,137.57445381,coffee
88,34,31,27.00614991,43.46014829,6.27255479,190.31681561,coffee
104,36,30,25.43462962,62.81686894,6.96579791,135.42854394,coffee
103,21,37,23.92994974,63.47518334,6.92560101,212.4083848,coffee
98,13,29,24.62839618,67.17865518,6.77342261,147.69222083,coffee
109,31,31,24.83629842,57.56763901,7.04578479,142.20470846,coffee
84,25,31,22.80323484,55.34252494,6.98323711,155.42801523,coffee
96,22,35,23.66001248,58.947682,7.34395912,185.53587571,coffee
110,35,29,25.78777723,46.60557182,7.47685933,147.65377725,coffee
108,23,32,26.735901,53.8418783,6.92355439,183.17008214,coffee
125,26,33,25.14242917,64.48757206,7.13920102,157.43330577,coffee
103,30,32,24.01509231,60.38063851,6.74642525,179.61219758,coffee
95,29,40,23.70584056,67.82634733,6.74203209,157.13907547,coffee
95,31,31,28.09065406,70.32826621,6.75904868,141.00788975,coffee
100,27,31,25.30316276,47.78041179,6.16634202,176.43576041,coffee
109,33,32,26.70306521,58.08585512,7.20914462,178.58541007,coffee
85,28,29,28.2340465,63.15541232,6.64560467,116.3441762,coffee
103,19,30,26.74537074,55.80740331,6.93309315,108.57838054,coffee
103,31,27,23.9111025,61.72157719,6.8399722,149.38447444,coffee
101,17,35,25.52766189,51.60946257,7.28497855,159.04480822,coffee
105,33,33,25.5491307,63.65295436,6.45939625,203.4570398,coffee
91,29,25,26.59871208,62.3204205,6.79826393,141.75757197,coffee
93,18,26,23.55359379,52.57299602,6.4805271,182.07378708,coffee
92,32,30,25.19623848,58.5761277,7.02537492,105.06218541,coffee
119,33,26,21.74784932,55.22710345,6.78882729,169.26650054,coffee
112,23,15,25.14470548,56.61420275,6.45274434,120.29848226,coffee
101,20,30,24.93649353,54.28880709,6.36144975,136.28782172,coffee
105,23,28,27.11386052,40.96876953,6.89315067,171.44003689,coffee
102,32,42,26.4149196,62.86349493,6.85805805,205.5412824,coffee
110,31,21,23.87991414,53.15926197,7.02168354,167.3661558,coffee
113,28,29,27.43242662,58.15921169,6.57529466,207.1658119,coffee
101,37,33,25.23026869,72.33627726,6.77140477,167.92186321,coffee
104,29,39,26.07194356,53.31517123,6.49657172,156.81506373,coffee
81,28,27,23.6449924,69.75070797,7.04862504,156.539321,coffee
105,26,40,28.483117,55.73495221,6.73315424,149.49323921,coffee
79,34,38,26.33060194,56.16651811,7.2056903,176.8398443,coffee
102,36,27,24.34854132,55.13071585,6.80703392,117.74777722,coffee
101,33,36,26.28438985,61.58584709,7.29708256,177.02892464,coffee
101,38,31,27.60325192,59.19059843,6.6522729,206.05247669,coffee
101,26,25,24.76666266,61.03441391,6.61844935,165.29334708,coffee
92,24,30,27.48923337,60.59952904,6.52989789,160.18334938,coffee
107,36,37,23.45918832,59.72978673,6.64761301,128.0320233,coffee
115,28,28,22.47268489,62.57657988,6.36770975,178.69734761,coffee
106,19,30,26.73533394,63.99145312,6.67614921,168.96171946,coffee
114,19,27,25.44563577,60.81807699,6.99725855,195.22465393,coffee
120,29,25,24.99032307,44.60210033,6.78234198,199.19203402,coffee
101,39,28,25.71070876,59.44335762,6.33624111,182.94866782,coffee
99,28,32,25.90850118,57.88616875,6.89812413,163.42430193,coffee
122,26,27,24.85615557,57.88379419,6.8965614,157.00007026,coffee
124,30,29,22.6466444,52.37289149,6.86256853,128.47645384,coffee
127,44,34,24.81022472,58.37101532,7.27197638,135.66937612,coffee
93,38,27,23.89765927,59.52182229,7.0037216,162.70219791,coffee
97,34,40,25.87699787,57.17801036,6.79830426,146.61154288,coffee
116,28,29,25.55034096,66.79989708,6.89182332,189.23709972,coffee
112,35,36,25.65709159,67.24125725,6.60283803,120.63087076,coffee
108,26,26,24.00191651,59.23774504,6.57375266,157.87567976,coffee
99,26,42,23.56042325,60.96204623,7.11380943,149.46836897,coffee
118,31,31,27.70614164,48.39954253,6.92755354,140.09050154,coffee
110,31,29,30.07638552,64.1079323,7.53344021,147.62612689,coffee
84,31,25,26.87781859,47.27005235,6.76351301,111.85500249,coffee
91,28,28,26.8340893,59.72716736,6.32666152,185.44838719,coffee
93,30,31,24.82524531,66.38482844,6.72966717,161.32121812,coffee
108,27,32,24.59975622,52.30420541,6.66964907,162.80029981,coffee
104,27,29,26.97730684,68.36708579,6.18919887,188.7633894,coffee
84,38,21,26.12797469,64.13865008,6.9189797,172.11581475,coffee
71,30,32,24.30821944,50.59620317,6.67754908,173.99193172,coffee
112,31,32,27.96402385,59.00674677,6.54742728,137.03145386,coffee
100,28,31,25.4524995,66.3532537,7.17319901,211.58222971,coffee
93,24,40,24.25201052,66.499148,6.92137281,139.68502652,coffee
108,38,28,25.6591234,49.59163304,6.83094447,186.50028908,coffee
86,28,30,27.30766448,57.40558907,6.49924406,196.98294289,coffee
94,19,30,23.96021299,53.62885095,7.14844437,196.94994489,coffee
109,20,33,22.92134123,50.71874298,6.41521285,164.30330003,coffee
114,22,18,26.12610468,47.16953599,7.1935215,144.29702372,coffee
85,31,29,24.11845728,58.28867709,6.25662734,181.07327468,coffee
98,22,31,24.41419006,49.57430797,6.95786822,196.68187699,coffee
115,34,33,21.36688963,57.98231006,7.06802839,167.48748479,coffee
96,21,30,26.38556179,63.5521752,7.07926986,156.28379564,coffee
103,30,33,24.05003545,61.09352027,6.63964803,122.31041348,coffee
111,26,30,25.67204696,59.46635115,6.39574124,170.21111498,coffee
90,29,31,27.24856996,59.11019633,6.62018235,124.32344485,coffee
111,14,35,25.87829544,54.81186412,6.64896115,158.7936851,coffee
105,32,25,25.1726866,58.43614784,6.60882541,146.37997434,coffee
106,13,30,27.95164186,42.42184412,7.04686246,171.61056119,coffee
95,28,27,25.53683644,64.28006929,6.83176905,149.06352014,coffee
111,21,28,24.63443061,69.40568056,7.29573506,134.97057968,coffee
108,28,40,26.17109054,56.11603412,6.84138002,155.48703858,coffee
97,27,21,26.66215776,65.4570714,7.17491185,175.5260067,coffee
117,30,32,26.86954035,68.62200792,6.76781477,171.02555022,coffee
123,24,25,24.95822648,55.48649649,7.26082649,132.11663954,coffee
